InstitucionBancaria_1,AbreviacionInstitucion_1
Banco Industrial,BI
Banco Industrial,BI
Banco Industrial,BI
Banco Agromercantil,BAM
Banco Promerica,Promerica
Banco Promerica,Promerica
Banco Promerica,Promerica
Banco Promerica,Promerica
Banco Promerica,Promerica
Banco Promerica,Promerica
Banco Agromercantil,BAM
Banco Agromercantil,BAM
Banco G&T,G&T
Banco de desarrollo rural,BANRURAL
Banco Agromercantil,BAM
Banco G&T,G&T
Banco de desarrollo rural,BANRURAL
Banco de desarrollo rural,BANRURAL
Banco Agromercantil,BAM
Banco G&T,G&T
Banco de desarrollo rural,BANRURAL
Banco G&T,G&T
Banco Agromercantil,BAM
Banco de desarrollo rural,BANRURAL
Banco de desarrollo rural,BANRURAL
Banco de desarrollo rural,BANRURAL
Banco de desarrollo rural,BANRURAL
Banco Agromercantil,BAM
Banco de desarrollo rural,BANRURAL
Banco Agromercantil,BAM
Banco de desarrollo rural,BANRURAL
Banco Agromercantil,BAM
Banco Agromercantil,BAM
Banco Agromercantil,BAM
Banco Promerica,Promerica
Banco Promerica,Promerica
Banco de desarrollo rural,BANRURAL
Banco G&T,G&T
Banco G&T,G&T
Banco G&T,G&T
Banco G&T,G&T
Banco Industrial,BI
Banco Industrial,BI
Banco G&T,G&T
Banco G&T,G&T
Banco de desarrollo rural,BANRURAL
Banco Promerica,Promerica
Banco de desarrollo rural,BANRURAL
Banco Promerica,Promerica
Banco de desarrollo rural,BANRURAL
Banco Promerica,Promerica
Banco Promerica,Promerica
Banco Promerica,Promerica
Banco Promerica,Promerica
Banco G&T,G&T
Banco G&T,G&T
Banco G&T,G&T
Banco de desarrollo rural,BANRURAL
Banco de desarrollo rural,BANRURAL
Banco G&T,G&T
Banco Industrial,BI
Banco Promerica,Promerica
Banco Industrial,BI
Banco Promerica,Promerica
Banco Promerica,Promerica
Banco Industrial,BI
Banco Industrial,BI
Banco Promerica,Promerica
Banco Promerica,Promerica
Banco Promerica,Promerica
Banco Promerica,Promerica
Banco Agromercantil,BAM
Banco Agromercantil,BAM
Banco Agromercantil,BAM
Banco Agromercantil,BAM
Banco Agromercantil,BAM
Banco Promerica,Promerica
Banco Industrial,BI
Banco Industrial,BI
Banco Industrial,BI
Banco de desarrollo rural,BANRURAL
Banco G&T,G&T
Banco de desarrollo rural,BANRURAL
Banco G&T,G&T
Banco Promerica,Promerica
Banco Promerica,Promerica
Banco G&T,G&T
Banco Promerica,Promerica
Banco Promerica,Promerica
Banco G&T,G&T
Banco Promerica,Promerica
Banco G&T,G&T
Banco Industrial,BI
Banco G&T,G&T
Banco Agromercantil,BAM
Banco Industrial,BI
Banco Industrial,BI
Banco G&T,G&T
Banco Industrial,BI
Banco Agromercantil,BAM
Banco Industrial,BI
Banco Industrial,BI
Banco Industrial,BI
Banco Promerica,Promerica
Banco Industrial,BI
Banco Promerica,Promerica
Banco Promerica,Promerica
Banco Industrial,BI
Banco Promerica,Promerica
Banco Agromercantil,BAM
Banco Agromercantil,BAM
Banco Promerica,Promerica
Banco Agromercantil,BAM
Banco Promerica,Promerica
Banco de desarrollo rural,BANRURAL
Banco Promerica,Promerica
Banco Industrial,BI
Banco Promerica,Promerica
Banco Industrial,BI
Banco Promerica,Promerica
Banco G&T,G&T
Banco Promerica,Promerica
Banco Promerica,Promerica
Banco G&T,G&T
Banco Industrial,BI
Banco Industrial,BI
Banco Promerica,Promerica
Banco G&T,G&T
Banco G&T,G&T
Banco G&T,G&T
Banco G&T,G&T
Banco Promerica,Promerica
Banco Industrial,BI
Banco de desarrollo rural,BANRURAL
Banco de desarrollo rural,BANRURAL
Banco Industrial,BI
Banco de desarrollo rural,BANRURAL
Banco Agromercantil,BAM
Banco Promerica,Promerica
Banco G&T,G&T
Banco de desarrollo rural,BANRURAL
Banco G&T,G&T
Banco G&T,G&T
Banco Promerica,Promerica
Banco G&T,G&T
Banco Promerica,Promerica
Banco Promerica,Promerica
Banco de desarrollo rural,BANRURAL
Banco de desarrollo rural,BANRURAL
Banco Promerica,Promerica
Banco de desarrollo rural,BANRURAL
Banco G&T,G&T
Banco Promerica,Promerica
Banco G&T,G&T
Banco Industrial,BI
Banco Industrial,BI
Banco Agromercantil,BAM
Banco Industrial,BI
Banco Industrial,BI
Banco G&T,G&T
Banco de desarrollo rural,BANRURAL
Banco de desarrollo rural,BANRURAL
Banco Agromercantil,BAM
Banco Agromercantil,BAM
Banco Agromercantil,BAM
Banco Industrial,BI
Banco Promerica,Promerica
Banco Promerica,Promerica
Banco Industrial,BI
Banco Industrial,BI
Banco Industrial,BI
Banco Promerica,Promerica
Banco de desarrollo rural,BANRURAL
Banco de desarrollo rural,BANRURAL
Banco G&T,G&T
Banco de desarrollo rural,BANRURAL
Banco Industrial,BI
Banco G&T,G&T
Banco Industrial,BI
Banco de desarrollo rural,BANRURAL
Banco G&T,G&T
Banco G&T,G&T
Banco Industrial,BI
Banco Promerica,Promerica
Banco de desarrollo rural,BANRURAL
Banco Promerica,Promerica
Banco de desarrollo rural,BANRURAL
Banco Industrial,BI
Banco de desarrollo rural,BANRURAL
Banco de desarrollo rural,BANRURAL
Banco Promerica,Promerica
Banco de desarrollo rural,BANRURAL
Banco Promerica,Promerica
Banco Promerica,Promerica
Banco Promerica,Promerica
Banco Industrial,BI
Banco Promerica,Promerica
Banco de desarrollo rural,BANRURAL
Banco de desarrollo rural,BANRURAL
Banco de desarrollo rural,BANRURAL
Banco de desarrollo rural,BANRURAL
Banco de desarrollo rural,BANRURAL
Banco de desarrollo rural,BANRURAL
Banco de desarrollo rural,BANRURAL
Banco de desarrollo rural,BANRURAL
Banco de desarrollo rural,BANRURAL
Banco de desarrollo rural,BANRURAL
Banco G&T,G&T
Banco G&T,G&T
Banco Agromercantil,BAM
Banco G&T,G&T
Banco G&T,G&T
Banco G&T,G&T
Banco G&T,G&T
Banco Agromercantil,BAM
Banco G&T,G&T
Banco G&T,G&T
Banco G&T,G&T
Banco G&T,G&T
Banco G&T,G&T
Banco G&T,G&T
Banco G&T,G&T
Banco G&T,G&T
Banco G&T,G&T
Banco de desarrollo rural,BANRURAL
Banco de desarrollo rural,BANRURAL
Banco de desarrollo rural,BANRURAL
Banco Industrial,BI
Banco Promerica,Promerica
Banco Industrial,BI
Banco Promerica,Promerica
Banco Promerica,Promerica
Banco Industrial,BI
Banco Industrial,BI
Banco Promerica,Promerica
Banco Industrial,BI
Banco Agromercantil,BAM
Banco Agromercantil,BAM
Banco Industrial,BI
Banco Agromercantil,BAM
Banco de desarrollo rural,BANRURAL
Banco Industrial,BI
Banco G&T,G&T
Banco Industrial,BI
Banco Industrial,BI
Banco G&T,G&T
Banco Industrial,BI
Banco G&T,G&T
Banco Industrial,BI
Banco G&T,G&T
Banco Agromercantil,BAM
Banco Promerica,Promerica
Banco G&T,G&T
Banco G&T,G&T
Banco G&T,G&T
Banco G&T,G&T
Banco Agromercantil,BAM
Banco G&T,G&T
Banco G&T,G&T
Banco Promerica,Promerica
Banco de desarrollo rural,BANRURAL
Banco de desarrollo rural,BANRURAL
Banco Industrial,BI
Banco Industrial,BI
Banco Industrial,BI
Banco Promerica,Promerica
Banco Industrial,BI
Banco Industrial,BI
Banco G&T,G&T
Banco Promerica,Promerica
Banco Promerica,Promerica
Banco Promerica,Promerica
Banco Promerica,Promerica
Banco G&T,G&T
Banco Promerica,Promerica
Banco Industrial,BI
Banco Promerica,Promerica
Banco Promerica,Promerica
Banco Promerica,Promerica
Banco Promerica,Promerica
Banco Promerica,Promerica
Banco Promerica,Promerica
Banco Promerica,Promerica
Banco Promerica,Promerica
Banco Promerica,Promerica
Banco Promerica,Promerica
Banco Promerica,Promerica
Banco Promerica,Promerica
Banco Promerica,Promerica
Banco Industrial,BI
Banco Industrial,BI
Banco Promerica,Promerica
Banco Industrial,BI
Banco Industrial,BI
Banco Promerica,Promerica
Banco Promerica,Promerica
Banco Promerica,Promerica
Banco de desarrollo rural,BANRURAL
Banco G&T,G&T
Banco de desarrollo rural,BANRURAL
Banco Industrial,BI
Banco Industrial,BI
Banco Promerica,Promerica
Banco Promerica,Promerica
Banco G&T,G&T
Banco de desarrollo rural,BANRURAL
Banco Industrial,BI
Banco Industrial,BI
Banco Industrial,BI
Banco Industrial,BI
Banco Industrial,BI
Banco Industrial,BI
Banco Industrial,BI
Banco Agromercantil,BAM
Banco Agromercantil,BAM
Banco Promerica,Promerica
Banco Promerica,Promerica
Banco Promerica,Promerica
Banco Promerica,Promerica
Banco G&T,G&T
Banco Promerica,Promerica
Banco G&T,G&T
Banco G&T,G&T
Banco Promerica,Promerica
Banco Promerica,Promerica
Banco G&T,G&T
Banco G&T,G&T
Banco Industrial,BI
Banco Promerica,Promerica
Banco Industrial,BI
Banco Industrial,BI
Banco Industrial,BI
Banco Industrial,BI
Banco Industrial,BI
Banco G&T,G&T
Banco G&T,G&T
Banco G&T,G&T
Banco G&T,G&T
Banco Industrial,BI
Banco Industrial,BI
Banco Industrial,BI
Banco de desarrollo rural,BANRURAL
Banco Industrial,BI
Banco Industrial,BI
Banco de desarrollo rural,BANRURAL
Banco de desarrollo rural,BANRURAL
Banco Promerica,Promerica
Banco G&T,G&T
Banco G&T,G&T
Banco Promerica,Promerica
Banco Promerica,Promerica
Banco Promerica,Promerica
Banco Industrial,BI
Banco Industrial,BI
Banco Promerica,Promerica
Banco Industrial,BI
Banco Industrial,BI
Banco Industrial,BI
Banco Industrial,BI
Banco Industrial,BI
Banco Industrial,BI
Banco Industrial,BI
Banco G&T,G&T
Banco Industrial,BI
Banco Industrial,BI
Banco Industrial,BI
Banco Industrial,BI
Banco Industrial,BI
Banco Promerica,Promerica
Banco Promerica,Promerica
Banco G&T,G&T
Banco Promerica,Promerica
Banco Promerica,Promerica
Banco Promerica,Promerica
Banco Promerica,Promerica
Banco Promerica,Promerica
Banco de desarrollo rural,BANRURAL
Banco de desarrollo rural,BANRURAL
Banco de desarrollo rural,BANRURAL
Banco Agromercantil,BAM
Banco Agromercantil,BAM
Banco de desarrollo rural,BANRURAL
Banco de desarrollo rural,BANRURAL
Banco de desarrollo rural,BANRURAL
Banco de desarrollo rural,BANRURAL
Banco G&T,G&T
Banco G&T,G&T
Banco G&T,G&T
Banco Industrial,BI
Banco Industrial,BI
Banco Industrial,BI
Banco G&T,G&T
Banco Industrial,BI
Banco Industrial,BI
Banco Industrial,BI
Banco Industrial,BI
Banco Promerica,Promerica
Banco Promerica,Promerica
Banco Promerica,Promerica
Banco Promerica,Promerica
Banco Promerica,Promerica
Banco Agromercantil,BAM
Banco Promerica,Promerica
Banco Promerica,Promerica
Banco Agromercantil,BAM
Banco Promerica,Promerica
Banco Promerica,Promerica
Banco Promerica,Promerica
Banco Agromercantil,BAM
Banco G&T,G&T
Banco Promerica,Promerica
Banco Promerica,Promerica
Banco Promerica,Promerica
Banco G&T,G&T
Banco Promerica,Promerica
Banco Promerica,Promerica
Banco Agromercantil,BAM
Banco Agromercantil,BAM
Banco Agromercantil,BAM
Banco Agromercantil,BAM
Banco Agromercantil,BAM
Banco Agromercantil,BAM
Banco Agromercantil,BAM
Banco G&T,G&T
Banco G&T,G&T
Banco G&T,G&T
Banco Agromercantil,BAM
Banco Agromercantil,BAM
Banco Agromercantil,BAM
Banco Agromercantil,BAM
Banco Promerica,Promerica
Banco Industrial,BI
Banco Industrial,BI
Banco Industrial,BI
Banco Industrial,BI
Banco Industrial,BI
Banco Industrial,BI
Banco Promerica,Promerica
Banco G&T,G&T
Banco Agromercantil,BAM
Banco G&T,G&T
Banco Agromercantil,BAM
Banco Promerica,Promerica
Banco Promerica,Promerica
Banco Agromercantil,BAM
Banco Agromercantil,BAM
Banco Industrial,BI
Banco Promerica,Promerica
Banco de desarrollo rural,BANRURAL
Banco Industrial,BI
Banco Agromercantil,BAM
Banco Promerica,Promerica
Banco Agromercantil,BAM
Banco Agromercantil,BAM
Banco Promerica,Promerica
Banco Agromercantil,BAM
Banco Agromercantil,BAM
Banco Agromercantil,BAM
Banco Agromercantil,BAM
Banco Agromercantil,BAM
Banco Agromercantil,BAM
Banco G&T,G&T
Banco G&T,G&T
Banco de desarrollo rural,BANRURAL
Banco de desarrollo rural,BANRURAL
Banco de desarrollo rural,BANRURAL
Banco de desarrollo rural,BANRURAL
Banco G&T,G&T
Banco G&T,G&T
Banco Promerica,Promerica
Banco G&T,G&T
Banco G&T,G&T
Banco Agromercantil,BAM
Banco Promerica,Promerica
Banco Promerica,Promerica
Banco Promerica,Promerica
Banco G&T,G&T
Banco Agromercantil,BAM
Banco G&T,G&T
Banco G&T,G&T
Banco G&T,G&T
Banco G&T,G&T
Banco G&T,G&T
Banco G&T,G&T
Banco Promerica,Promerica
Banco Promerica,Promerica
Banco Promerica,Promerica
Banco G&T,G&T
Banco Promerica,Promerica
Banco Promerica,Promerica
Banco Promerica,Promerica
Banco G&T,G&T
Banco G&T,G&T
Banco G&T,G&T
Banco G&T,G&T
Banco de desarrollo rural,BANRURAL
Banco de desarrollo rural,BANRURAL
Banco Promerica,Promerica
Banco Promerica,Promerica
Banco Promerica,Promerica
Banco Industrial,BI
Banco Agromercantil,BAM
Banco Promerica,Promerica
Banco Promerica,Promerica
Banco de desarrollo rural,BANRURAL
Banco G&T,G&T
Banco de desarrollo rural,BANRURAL
Banco de desarrollo rural,BANRURAL
Banco G&T,G&T
Banco Promerica,Promerica
Banco Promerica,Promerica
Banco de desarrollo rural,BANRURAL
Banco Industrial,BI
Banco Industrial,BI
Banco Promerica,Promerica
Banco de desarrollo rural,BANRURAL
Banco de desarrollo rural,BANRURAL
Banco de desarrollo rural,BANRURAL
Banco Agromercantil,BAM
Banco Promerica,Promerica
Banco Industrial,BI
Banco Industrial,BI
Banco de desarrollo rural,BANRURAL
Banco Promerica,Promerica
Banco Agromercantil,BAM
Banco G&T,G&T
Banco de desarrollo rural,BANRURAL
Banco Agromercantil,BAM
Banco Agromercantil,BAM
Banco Promerica,Promerica
Banco Industrial,BI
Banco de desarrollo rural,BANRURAL
Banco Promerica,Promerica
Banco Promerica,Promerica
Banco Promerica,Promerica
Banco Promerica,Promerica
Banco Promerica,Promerica
Banco Agromercantil,BAM
Banco Promerica,Promerica
Banco Promerica,Promerica
Banco G&T,G&T
Banco Agromercantil,BAM
Banco Agromercantil,BAM
Banco Industrial,BI
Banco Promerica,Promerica
Banco Agromercantil,BAM
Banco Promerica,Promerica
Banco Agromercantil,BAM
Banco G&T,G&T
Banco Promerica,Promerica
Banco Promerica,Promerica
Banco Industrial,BI
Banco Industrial,BI
Banco Industrial,BI
Banco G&T,G&T
Banco Promerica,Promerica
Banco G&T,G&T
Banco Industrial,BI
Banco Industrial,BI
Banco G&T,G&T
Banco de desarrollo rural,BANRURAL
Banco Industrial,BI
Banco G&T,G&T
Banco G&T,G&T
Banco Agromercantil,BAM
Banco Agromercantil,BAM
Banco G&T,G&T
Banco de desarrollo rural,BANRURAL
Banco de desarrollo rural,BANRURAL
Banco Industrial,BI
Banco Industrial,BI
Banco G&T,G&T
Banco Promerica,Promerica
Banco Promerica,Promerica
Banco G&T,G&T
Banco G&T,G&T
Banco Agromercantil,BAM
Banco Agromercantil,BAM
Banco Industrial,BI
Banco G&T,G&T
Banco de desarrollo rural,BANRURAL
Banco G&T,G&T
Banco Industrial,BI
Banco Industrial,BI
Banco G&T,G&T
Banco de desarrollo rural,BANRURAL
Banco Industrial,BI
Banco Agromercantil,BAM
Banco de desarrollo rural,BANRURAL
Banco de desarrollo rural,BANRURAL
Banco G&T,G&T
Banco de desarrollo rural,BANRURAL
Banco Agromercantil,BAM
Banco de desarrollo rural,BANRURAL
Banco G&T,G&T
Banco Promerica,Promerica
Banco Industrial,BI
Banco de desarrollo rural,BANRURAL
Banco Industrial,BI
Banco Agromercantil,BAM
Banco de desarrollo rural,BANRURAL
Banco Agromercantil,BAM
Banco Industrial,BI
Banco Agromercantil,BAM
Banco Promerica,Promerica
Banco G&T,G&T
Banco G&T,G&T
Banco Promerica,Promerica
Banco G&T,G&T
Banco G&T,G&T
Banco Promerica,Promerica
Banco de desarrollo rural,BANRURAL
Banco Industrial,BI
Banco Promerica,Promerica
Banco Agromercantil,BAM
Banco Industrial,BI
Banco G&T,G&T
Banco Industrial,BI
Banco Promerica,Promerica
Banco Promerica,Promerica
Banco Promerica,Promerica
Banco Promerica,Promerica
Banco Agromercantil,BAM
Banco Industrial,BI
Banco G&T,G&T
Banco Agromercantil,BAM
Banco G&T,G&T
Banco Industrial,BI
Banco Industrial,BI
Banco de desarrollo rural,BANRURAL
Banco de desarrollo rural,BANRURAL
Banco G&T,G&T
Banco Agromercantil,BAM
Banco G&T,G&T
Banco Industrial,BI
Banco G&T,G&T
Banco Industrial,BI
Banco Industrial,BI
Banco Industrial,BI
Banco Industrial,BI
Banco Promerica,Promerica
Banco de desarrollo rural,BANRURAL
Banco Promerica,Promerica
Banco Industrial,BI
Banco Industrial,BI
Banco G&T,G&T
Banco de desarrollo rural,BANRURAL
Banco de desarrollo rural,BANRURAL
Banco de desarrollo rural,BANRURAL
Banco Promerica,Promerica
Banco G&T,G&T
Banco G&T,G&T
Banco Promerica,Promerica
Banco Promerica,Promerica
Banco G&T,G&T
Banco Agromercantil,BAM
Banco Agromercantil,BAM
Banco G&T,G&T
Banco Industrial,BI
Banco Industrial,BI
Banco de desarrollo rural,BANRURAL
Banco G&T,G&T
Banco G&T,G&T
Banco Promerica,Promerica
Banco de desarrollo rural,BANRURAL
Banco Promerica,Promerica
Banco de desarrollo rural,BANRURAL
Banco Promerica,Promerica
Banco Industrial,BI
Banco Industrial,BI
Banco de desarrollo rural,BANRURAL
Banco G&T,G&T
Banco Agromercantil,BAM
Banco G&T,G&T
Banco G&T,G&T
Banco de desarrollo rural,BANRURAL
Banco G&T,G&T
Banco G&T,G&T
Banco G&T,G&T
Banco Promerica,Promerica
Banco Promerica,Promerica
Banco G&T,G&T
Banco de desarrollo rural,BANRURAL
Banco G&T,G&T
Banco de desarrollo rural,BANRURAL
Banco Agromercantil,BAM
Banco Agromercantil,BAM
Banco Agromercantil,BAM
Banco Industrial,BI
Banco Promerica,Promerica
Banco Industrial,BI
Banco de desarrollo rural,BANRURAL
Banco de desarrollo rural,BANRURAL
Banco Agromercantil,BAM
Banco Industrial,BI
Banco G&T,G&T
Banco Promerica,Promerica
Banco de desarrollo rural,BANRURAL
Banco Industrial,BI
Banco de desarrollo rural,BANRURAL
Banco Industrial,BI
Banco G&T,G&T
Banco Agromercantil,BAM
Banco Promerica,Promerica
Banco Agromercantil,BAM
Banco Industrial,BI
Banco de desarrollo rural,BANRURAL
Banco Industrial,BI
Banco Promerica,Promerica
Banco Industrial,BI
Banco G&T,G&T
Banco G&T,G&T
Banco Promerica,Promerica
Banco G&T,G&T
Banco de desarrollo rural,BANRURAL
Banco Promerica,Promerica
Banco de desarrollo rural,BANRURAL
Banco G&T,G&T
Banco Promerica,Promerica
Banco G&T,G&T
Banco de desarrollo rural,BANRURAL
Banco Industrial,BI
Banco de desarrollo rural,BANRURAL
Banco Promerica,Promerica
Banco Promerica,Promerica
Banco Industrial,BI
Banco de desarrollo rural,BANRURAL
Banco G&T,G&T
Banco Industrial,BI
Banco Promerica,Promerica
Banco Promerica,Promerica
Banco G&T,G&T
Banco de desarrollo rural,BANRURAL
Banco Industrial,BI
Banco Industrial,BI
Banco Industrial,BI
Banco Agromercantil,BAM
Banco Agromercantil,BAM
Banco Promerica,Promerica
Banco G&T,G&T
Banco de desarrollo rural,BANRURAL
Banco Industrial,BI
Banco Promerica,Promerica
Banco de desarrollo rural,BANRURAL
Banco Promerica,Promerica
Banco Agromercantil,BAM
Banco G&T,G&T
Banco G&T,G&T
Banco de desarrollo rural,BANRURAL
Banco Agromercantil,BAM
Banco Industrial,BI
Banco Agromercantil,BAM
Banco Industrial,BI
Banco G&T,G&T
Banco Promerica,Promerica
Banco Promerica,Promerica
Banco G&T,G&T
Banco Agromercantil,BAM
Banco G&T,G&T
Banco Industrial,BI
Banco Industrial,BI
Banco G&T,G&T
Banco Industrial,BI
Banco Agromercantil,BAM
Banco G&T,G&T
Banco Industrial,BI
Banco G&T,G&T
Banco Agromercantil,BAM
Banco de desarrollo rural,BANRURAL
Banco Agromercantil,BAM
Banco de desarrollo rural,BANRURAL
Banco Promerica,Promerica
Banco Promerica,Promerica
Banco Industrial,BI
Banco Promerica,Promerica
Banco G&T,G&T
Banco Industrial,BI
Banco Promerica,Promerica
Banco Industrial,BI
Banco Promerica,Promerica
Banco Industrial,BI
Banco de desarrollo rural,BANRURAL
Banco Agromercantil,BAM
Banco Promerica,Promerica
Banco Industrial,BI
Banco G&T,G&T
Banco G&T,G&T
Banco Industrial,BI
Banco Industrial,BI
Banco G&T,G&T
Banco Industrial,BI
Banco Agromercantil,BAM
Banco G&T,G&T
Banco Agromercantil,BAM
Banco Promerica,Promerica
Banco Industrial,BI
Banco Promerica,Promerica
Banco Agromercantil,BAM
Banco Agromercantil,BAM
Banco Industrial,BI
Banco Industrial,BI
Banco G&T,G&T
Banco G&T,G&T
Banco G&T,G&T
Banco Promerica,Promerica
Banco Industrial,BI
Banco G&T,G&T
Banco Industrial,BI
Banco de desarrollo rural,BANRURAL
Banco Industrial,BI
Banco de desarrollo rural,BANRURAL
Banco de desarrollo rural,BANRURAL
Banco Industrial,BI
Banco G&T,G&T
Banco Promerica,Promerica
Banco Agromercantil,BAM
Banco Promerica,Promerica
Banco Industrial,BI
Banco Industrial,BI
Banco de desarrollo rural,BANRURAL
Banco Agromercantil,BAM
Banco Promerica,Promerica
Banco Industrial,BI
Banco de desarrollo rural,BANRURAL
Banco G&T,G&T
Banco Promerica,Promerica
Banco Promerica,Promerica
Banco G&T,G&T
Banco Promerica,Promerica
Banco Promerica,Promerica
Banco Industrial,BI
Banco Industrial,BI
Banco de desarrollo rural,BANRURAL
Banco Agromercantil,BAM
Banco Industrial,BI
Banco Industrial,BI
Banco G&T,G&T
Banco G&T,G&T
Banco Industrial,BI
Banco Promerica,Promerica
Banco G&T,G&T
Banco de desarrollo rural,BANRURAL
Banco G&T,G&T
Banco de desarrollo rural,BANRURAL
Banco Agromercantil,BAM
Banco G&T,G&T
Banco G&T,G&T
Banco Promerica,Promerica
Banco Agromercantil,BAM
Banco Promerica,Promerica
Banco Industrial,BI
Banco Promerica,Promerica
Banco Industrial,BI
Banco G&T,G&T
Banco Industrial,BI
Banco de desarrollo rural,BANRURAL
Banco de desarrollo rural,BANRURAL
Banco Industrial,BI
Banco Agromercantil,BAM
Banco de desarrollo rural,BANRURAL
Banco de desarrollo rural,BANRURAL
Banco Agromercantil,BAM
Banco Promerica,Promerica
Banco Industrial,BI
Banco G&T,G&T
Banco G&T,G&T
Banco Agromercantil,BAM
Banco Agromercantil,BAM
Banco Agromercantil,BAM
Banco de desarrollo rural,BANRURAL
Banco Agromercantil,BAM
Banco Promerica,Promerica
Banco Agromercantil,BAM
Banco G&T,G&T
Banco G&T,G&T
Banco Industrial,BI
Banco Industrial,BI
Banco Industrial,BI
Banco Industrial,BI
Banco de desarrollo rural,BANRURAL
Banco G&T,G&T
Banco de desarrollo rural,BANRURAL
Banco Industrial,BI
Banco Agromercantil,BAM
Banco Industrial,BI
Banco Industrial,BI
Banco Promerica,Promerica
Banco de desarrollo rural,BANRURAL
Banco Agromercantil,BAM
Banco Industrial,BI
Banco Promerica,Promerica
Banco Agromercantil,BAM
Banco Industrial,BI
Banco Promerica,Promerica
Banco Agromercantil,BAM
Banco de desarrollo rural,BANRURAL
Banco Promerica,Promerica
Banco de desarrollo rural,BANRURAL
Banco G&T,G&T
Banco de desarrollo rural,BANRURAL
Banco Promerica,Promerica
Banco Industrial,BI
Banco Promerica,Promerica
Banco G&T,G&T
Banco Industrial,BI
Banco G&T,G&T
Banco de desarrollo rural,BANRURAL
Banco G&T,G&T
Banco Industrial,BI
Banco G&T,G&T
Banco Agromercantil,BAM
Banco Industrial,BI
Banco Industrial,BI
Banco Industrial,BI
Banco de desarrollo rural,BANRURAL
Banco Industrial,BI
Banco Agromercantil,BAM
Banco Agromercantil,BAM
Banco G&T,G&T
Banco Agromercantil,BAM
Banco Industrial,BI
Banco G&T,G&T
Banco Promerica,Promerica
Banco G&T,G&T
Banco de desarrollo rural,BANRURAL
Banco G&T,G&T
Banco Agromercantil,BAM
Banco Promerica,Promerica
Banco Promerica,Promerica
Banco de desarrollo rural,BANRURAL
Banco Industrial,BI
Banco Industrial,BI
Banco G&T,G&T
Banco Industrial,BI
Banco Industrial,BI
Banco Promerica,Promerica
Banco Agromercantil,BAM
Banco Industrial,BI
Banco de desarrollo rural,BANRURAL
Banco Industrial,BI
Banco G&T,G&T
Banco de desarrollo rural,BANRURAL
Banco Industrial,BI
Banco Agromercantil,BAM
Banco de desarrollo rural,BANRURAL
Banco Industrial,BI
Banco G&T,G&T
Banco G&T,G&T
Banco Promerica,Promerica
Banco Promerica,Promerica
Banco Industrial,BI
Banco Industrial,BI
Banco G&T,G&T
Banco Industrial,BI
Banco Industrial,BI
Banco Agromercantil,BAM
Banco de desarrollo rural,BANRURAL
Banco Industrial,BI
Banco de desarrollo rural,BANRURAL
Banco Industrial,BI
Banco Promerica,Promerica
Banco Promerica,Promerica
Banco Industrial,BI
Banco Promerica,Promerica
Banco Promerica,Promerica
Banco G&T,G&T
Banco Promerica,Promerica
Banco G&T,G&T
Banco de desarrollo rural,BANRURAL
Banco de desarrollo rural,BANRURAL
Banco G&T,G&T
Banco Promerica,Promerica
Banco Agromercantil,BAM
Banco Industrial,BI
Banco Industrial,BI
Banco Agromercantil,BAM
Banco Promerica,Promerica
Banco Industrial,BI
Banco Promerica,Promerica
Banco Industrial,BI
Banco G&T,G&T
Banco G&T,G&T
Banco de desarrollo rural,BANRURAL
Banco Promerica,Promerica
Banco Agromercantil,BAM
Banco G&T,G&T
Banco G&T,G&T
Banco G&T,G&T
Banco Agromercantil,BAM
Banco Agromercantil,BAM
Banco de desarrollo rural,BANRURAL
Banco Promerica,Promerica
Banco Promerica,Promerica
Banco Industrial,BI
Banco Agromercantil,BAM
Banco G&T,G&T
Banco Agromercantil,BAM
Banco Promerica,Promerica
Banco G&T,G&T
Banco Promerica,Promerica
