Nombre_1,Apellido_1,CUI_1,Email_1,FechaRegistro_1,Genero_1,InstitucionBancaria_1,TipoCuenta_1,SaldoInicial_1,Nombre_2,Apellido_2,InstitucionBancaria_2,TipoCuenta_2,MontoTransferencia,FechaTransferencia
Abigale,Crann,1187255777,acrann1g@cafepress.com,20-07-2020,Male,Banco Industrial,Ahorro,0,Nelia,Hathway,Banco Industrial,Monetaria en $,7822,3-20-2020 16:10
Abigale,Crann,1187255777,acrann1g@cafepress.com,20-07-2020,Male,Banco Industrial,Ahorro,0,Carmita,Hiscoke,Banco Agromercantil,Monetaria en Q,7176,1-7-2021 17:31
Abigale,Crann,1187255777,acrann1g@cafepress.com,20-07-2020,Male,Banco Industrial,Ahorro,0,Daffy,Marages,Banco Promerica,Monetaria en Q,9920,12-22-2020 8:46
Abigale,Crann,1187255777,acrann1g@cafepress.com,20-07-2020,Male,Banco Agromercantil,Monetaria en $,0,Joelynn,De Gregoli,Banco Promerica,Ahorro,6296,4-28-2020 10:56
Alexander,Amor,7361225500,aamor2n@tinyurl.com,27-10-2020,Female,Banco Promerica,Ahorro,0,Deni,Tarn,Banco de desarrollo rural,Monetaria en $,9703,5-9-2020 19:47
Alexander,Amor,7361225500,aamor2n@tinyurl.com,27-10-2020,Female,Banco Promerica,Ahorro,0,Horatia,Brumpton,Banco G&T,Monetaria en Q,4550,1-28-2021 18:26
Alexander,Amor,7361225500,aamor2n@tinyurl.com,27-10-2020,Female,Banco Promerica,Ahorro,0,Gracia,Burchill,Banco de desarrollo rural,Monetaria en $,7075,3-13-2020 14:48
Alexander,Amor,7361225500,aamor2n@tinyurl.com,27-10-2020,Female,Banco Promerica,Ahorro,0,Giordano,Rimington,Banco de desarrollo rural,Ahorro,8540,9-18-2020 15:08
Alexander,Amor,7361225500,aamor2n@tinyurl.com,27-10-2020,Female,Banco Promerica,Ahorro,0,Nelia,Hathway,Banco G&T,Monetaria en Q,8030,12-15-2020 17:00
Alexander,Amor,7361225500,aamor2n@tinyurl.com,27-10-2020,Female,Banco Promerica,Ahorro,0,Koressa,Knowler,Banco Promerica,Ahorro,3158,1-1-2021 20:57
Alfie,Castellaccio,2344960856,acastellaccio1c@wsj.com,26-08-2020,Female,Banco Agromercantil,Monetaria en Q,0,Ardys,Cave,Banco Promerica,Ahorro,9717,8-18-2020 13:09
Alfie,Castellaccio,2344960856,acastellaccio1c@wsj.com,26-08-2020,Female,Banco Agromercantil,Monetaria en Q,690,Elnore,Foy,Banco de desarrollo rural,Ahorro,5561,7-12-2020 0:42
Alfie,Castellaccio,2344960856,acastellaccio1c@wsj.com,26-08-2020,Female,Banco G&T,Monetaria en $,0,Neill,Esser,Banco Industrial,Monetaria en Q,3874,1-14-2021 7:27
Alfie,Castellaccio,2344960856,acastellaccio1c@wsj.com,26-08-2020,Female,Banco de desarrollo rural,Monetaria en $,0,Bobbette,Dutton,Banco Industrial,Ahorro,4935,3-4-2020 11:20
Alfie,Castellaccio,2344960856,acastellaccio1c@wsj.com,26-08-2020,Female,Banco Agromercantil,Monetaria en Q,690,Hali,Peebles,Banco Promerica,Ahorro,8521,1-18-2020 6:57
Alfie,Castellaccio,2344960856,acastellaccio1c@wsj.com,26-08-2020,Female,Banco G&T,Monetaria en $,0,Deni,Tarn,Banco de desarrollo rural,Monetaria en $,3745,10-17-2020 5:01
Alfie,Castellaccio,2344960856,acastellaccio1c@wsj.com,26-08-2020,Female,Banco de desarrollo rural,Monetaria en Q,0,Deni,Tarn,Banco de desarrollo rural,Monetaria en $,653,3-5-2021 21:38
Alfie,Castellaccio,2344960856,acastellaccio1c@wsj.com,26-08-2020,Female,Banco de desarrollo rural,Monetaria en Q,0,Cherry,Youtead,Banco de desarrollo rural,Monetaria en Q,7237,5-22-2020 10:39
Alfie,Castellaccio,2344960856,acastellaccio1c@wsj.com,26-08-2020,Female,Banco Agromercantil,Monetaria en Q,0,Inga,Cromleholme,Banco Agromercantil,Ahorro,3597,3-3-2020 1:44
Alfie,Castellaccio,2344960856,acastellaccio1c@wsj.com,26-08-2020,Female,Banco G&T,Monetaria en $,0,Hali,Peebles,Banco Promerica,Monetaria en $,5131,3-12-2021 2:11
Alfie,Castellaccio,2344960856,acastellaccio1c@wsj.com,26-08-2020,Female,Banco de desarrollo rural,Monetaria en $,0,Ddene,Tant,Banco Industrial,Ahorro,7846,3-19-2020 2:20
Alfie,Castellaccio,2344960856,acastellaccio1c@wsj.com,26-08-2020,Female,Banco G&T,Monetaria en $,0,Inga,Cromleholme,Banco Industrial,Ahorro,8776,2-8-2020 18:37
Alfie,Castellaccio,2344960856,acastellaccio1c@wsj.com,26-08-2020,Female,Banco Agromercantil,Monetaria en Q,0,Deni,Tarn,Banco de desarrollo rural,Monetaria en $,8855,2-20-2021 5:31
Alfie,Castellaccio,2344960856,acastellaccio1c@wsj.com,26-08-2020,Female,Banco de desarrollo rural,Monetaria en $,0,Maggee,Shergold,Banco Promerica,Ahorro,3414,9-15-2020 12:39
Alfie,Castellaccio,2344960856,acastellaccio1c@wsj.com,26-08-2020,Female,Banco de desarrollo rural,Monetaria en Q,0,Alfie,Castellaccio,Banco Agromercantil,Monetaria en Q,9454,10-30-2020 4:55
Alfie,Castellaccio,2344960856,acastellaccio1c@wsj.com,26-08-2020,Female,Banco de desarrollo rural,Ahorro,0,Ty,Kittow,Banco G&T,Monetaria en $,554,3-8-2021 21:54
Antonetta,Bowler,4380702766,abowlerv@cmu.edu,29-10-2020,Male,Banco de desarrollo rural,Ahorro,217,Henriette,Stag,Banco de desarrollo rural,Monetaria en $,7882,6-21-2020 1:07
Antonetta,Bowler,4380702766,abowlerv@cmu.edu,29-10-2020,Male,Banco Agromercantil,Monetaria en $,2300,Devin,Sheere,Banco Agromercantil,Ahorro,8384,1-8-2021 15:59
Antonetta,Bowler,4380702766,abowlerv@cmu.edu,29-10-2020,Male,Banco de desarrollo rural,Ahorro,217,Abigale,Crann,Banco Agromercantil,Monetaria en $,5803,1-22-2020 5:00
Antonetta,Bowler,4380702766,abowlerv@cmu.edu,29-10-2020,Male,Banco Agromercantil,Monetaria en $,2300,Koressa,Knowler,Banco Promerica,Ahorro,5169,8-26-2020 15:48
Antonetta,Bowler,4380702766,abowlerv@cmu.edu,29-10-2020,Male,Banco de desarrollo rural,Ahorro,217,Maressa,Delgadillo,Banco Industrial,Ahorro,6534,3-4-2021 6:06
Antonetta,Bowler,4380702766,abowlerv@cmu.edu,29-10-2020,Male,Banco Agromercantil,Monetaria en $,2300,Arron,Dalziel,Banco de desarrollo rural,Monetaria en $,4190,10-10-2020 23:49
Antonetta,Bowler,4380702766,abowlerv@cmu.edu,29-10-2020,Male,Banco Agromercantil,Monetaria en $,2300,Ulla,Balloch,Banco Promerica,Monetaria en Q,6751,8-15-2020 5:58
Antonetta,Bowler,4380702766,abowlerv@cmu.edu,29-10-2020,Male,Banco Agromercantil,Monetaria en $,2300,Hali,Peebles,Banco Promerica,Monetaria en $,912,3-2-2021 4:24
Ardys,Cave,3418211453,acave2e@unblog.fr,24-11-2020,Male,Banco Promerica,Ahorro,0,Leonid,Berrey,Banco Promerica,Monetaria en $,6454,10-1-2020 20:17
Ardys,Cave,3418211453,acave2e@unblog.fr,24-11-2020,Male,Banco Promerica,Ahorro,0,Joelynn,De Gregoli,Banco Promerica,Ahorro,6311,3-27-2021 20:25
Arleta,Umbert,1805028979,aumbert13@lulu.com,18-04-2020,Male,Banco de desarrollo rural,Ahorro,1374,Sunny,Alvin,Banco Promerica,Monetaria en $,8361,9-1-2020 8:38
Arleta,Umbert,1805028979,aumbert13@lulu.com,18-04-2020,Male,Banco G&T,Monetaria en Q,1863,Antonetta,Bowler,Banco Agromercantil,Monetaria en $,4667,11-10-2020 4:21
Arleta,Umbert,1805028979,aumbert13@lulu.com,18-04-2020,Male,Banco G&T,Monetaria en Q,0,Daffy,Marages,Banco Promerica,Monetaria en Q,3913,8-16-2020 21:45
Arleta,Umbert,1805028979,aumbert13@lulu.com,18-04-2020,Male,Banco G&T,Monetaria en Q,0,Cherry,Youtead,Banco Promerica,Ahorro,4177,10-1-2020 7:29
Arleta,Umbert,1805028979,aumbert13@lulu.com,18-04-2020,Male,Banco G&T,Monetaria en Q,1863,Deni,Tarn,Banco G&T,Monetaria en Q,1126,5-31-2020 4:56
Arleta,Umbert,1805028979,aumbert13@lulu.com,18-04-2020,Male,Banco Industrial,Monetaria en $,0,Vassili,Drowsfield,Banco Agromercantil,Monetaria en Q,8206,5-14-2020 9:31
Arleta,Umbert,1805028979,aumbert13@lulu.com,18-04-2020,Male,Banco Industrial,Monetaria en $,0,Caryn,Kirkham,Banco Agromercantil,Ahorro,6840,11-23-2020 3:33
Arleta,Umbert,1805028979,aumbert13@lulu.com,18-04-2020,Male,Banco G&T,Monetaria en Q,0,Bobbette,Dutton,Banco Industrial,Ahorro,3974,1-10-2021 3:44
Arleta,Umbert,1805028979,aumbert13@lulu.com,18-04-2020,Male,Banco G&T,Monetaria en Q,1863,Renard,Pelchat,Banco Promerica,Ahorro,7983,7-13-2020 14:11
Arleta,Umbert,1805028979,aumbert13@lulu.com,18-04-2020,Male,Banco de desarrollo rural,Ahorro,1374,Colas,Feek,Banco Agromercantil,Monetaria en $,4132,2-5-2021 11:04
Arlin,Bruckner,7819264039,abruckner2h@nasa.gov,2020-03-04,Male,Banco Promerica,Monetaria en Q,784,Hali,Peebles,Banco Promerica,Monetaria en $,874,1-7-2020 20:22
Arlin,Bruckner,7819264039,abruckner2h@nasa.gov,2020-03-04,Male,Banco de desarrollo rural,Monetaria en Q,0,Elnore,Foy,Banco Agromercantil,Ahorro,9094,1-10-2020 6:38
Arlin,Bruckner,7819264039,abruckner2h@nasa.gov,2020-03-04,Male,Banco Promerica,Monetaria en Q,784,Luelle,Barenskie,Banco G&T,Monetaria en Q,5410,3-4-2020 16:19
Arlin,Bruckner,7819264039,abruckner2h@nasa.gov,2020-03-04,Male,Banco de desarrollo rural,Monetaria en Q,0,Bobbette,Dutton,Banco Promerica,Ahorro,1194,4-4-2020 21:15
Arlin,Bruckner,7819264039,abruckner2h@nasa.gov,2020-03-04,Male,Banco Promerica,Ahorro,3228,Ulla,Balloch,Banco Promerica,Monetaria en Q,4126,2-10-2020 10:58
Arlin,Bruckner,7819264039,abruckner2h@nasa.gov,2020-03-04,Male,Banco Promerica,Monetaria en Q,784,Lauralee,Britnell,Banco Industrial,Monetaria en Q,7960,6-13-2020 4:43
Arlin,Bruckner,7819264039,abruckner2h@nasa.gov,2020-03-04,Male,Banco Promerica,Monetaria en Q,784,Janith,Metheringham,Banco Industrial,Monetaria en $,9601,10-29-2020 23:07
Arlin,Bruckner,7819264039,abruckner2h@nasa.gov,2020-03-04,Male,Banco Promerica,Ahorro,3228,Neill,Esser,Banco Industrial,Monetaria en Q,6287,1-24-2020 0:26
Arron,Dalziel,4113842388,adalziel2g@narod.ru,30-03-2020,Female,Banco G&T,Monetaria en Q,409,Vonny,Westall,Banco G&T,Ahorro,5927,2-28-2020 14:06
Arron,Dalziel,4113842388,adalziel2g@narod.ru,30-03-2020,Female,Banco G&T,Monetaria en Q,409,Morgun,Coots,Banco Promerica,Monetaria en $,1251,5-3-2020 5:45
Arron,Dalziel,4113842388,adalziel2g@narod.ru,30-03-2020,Female,Banco G&T,Monetaria en Q,409,Colas,Feek,Banco G&T,Monetaria en $,663,12-24-2020 8:13
Arron,Dalziel,4113842388,adalziel2g@narod.ru,30-03-2020,Female,Banco de desarrollo rural,Monetaria en $,391,Leann,Buncher,Banco Industrial,Monetaria en $,7594,3-1-2021 9:20
Arron,Dalziel,4113842388,adalziel2g@narod.ru,30-03-2020,Female,Banco de desarrollo rural,Monetaria en $,391,Jeanne,Ciottoi,Banco Industrial,Monetaria en Q,3125,2-16-2020 1:17
Bobbette,Dutton,930849132,bdutton6@hao123.com,2020-02-01,Female,Banco G&T,Monetaria en $,0,Manuel,Gouldstone,Banco G&T,Ahorro,8722,11-6-2020 23:35
Bobbette,Dutton,930849132,bdutton6@hao123.com,2020-02-01,Female,Banco Industrial,Ahorro,0,Tina,De Beauchemp,Banco de desarrollo rural,Monetaria en $,3872,2-4-2020 23:55
Bobbette,Dutton,930849132,bdutton6@hao123.com,2020-02-01,Female,Banco Promerica,Ahorro,761,Maressa,Delgadillo,Banco Industrial,Ahorro,1497,2-10-2021 13:15
Bobbette,Dutton,930849132,bdutton6@hao123.com,2020-02-01,Female,Banco Industrial,Ahorro,0,Vonny,Westall,Banco G&T,Monetaria en Q,1716,11-9-2020 10:17
Bobbette,Dutton,930849132,bdutton6@hao123.com,2020-02-01,Female,Banco Promerica,Ahorro,761,Riva,Gaven,Banco G&T,Monetaria en Q,796,12-31-2020 12:01
Bobbette,Dutton,930849132,bdutton6@hao123.com,2020-02-01,Female,Banco Promerica,Ahorro,761,Corliss,McCord,Banco Agromercantil,Monetaria en $,5412,12-14-2020 4:58
Boote,Pina,208181717,bpina24@npr.org,25-08-2020,Male,Banco Industrial,Monetaria en Q,900,Abigale,Crann,Banco Agromercantil,Monetaria en $,3248,5-7-2020 3:49
Boote,Pina,208181717,bpina24@npr.org,25-08-2020,Male,Banco Industrial,Monetaria en Q,900,Jeanie,Badman,Banco G&T,Monetaria en Q,9708,1-5-2020 6:23
Burgess,Goudy,7154849568,bgoudy1a@reference.com,15-01-2020,Male,Banco Promerica,Ahorro,977,Henriette,Stag,Banco de desarrollo rural,Monetaria en $,4579,5-25-2020 2:22
Burgess,Goudy,7154849568,bgoudy1a@reference.com,15-01-2020,Male,Banco Promerica,Ahorro,977,Arlin,Bruckner,Banco de desarrollo rural,Monetaria en $,5068,12-6-2020 22:54
Burgess,Goudy,7154849568,bgoudy1a@reference.com,15-01-2020,Male,Banco Promerica,Ahorro,977,Koressa,Knowler,Banco Industrial,Monetaria en $,4208,2-26-2021 5:45
Burgess,Goudy,7154849568,bgoudy1a@reference.com,15-01-2020,Male,Banco Promerica,Ahorro,977,Nelia,Hathway,Banco Industrial,Monetaria en Q,2079,7-26-2020 8:36
Carmita,Hiscoke,8640571546,chiscoke1v@ucsd.edu,17-03-2020,Female,Banco Agromercantil,Monetaria en Q,2277,Riva,Gaven,Banco G&T,Monetaria en Q,3961,5-10-2020 19:27
Carmita,Hiscoke,8640571546,chiscoke1v@ucsd.edu,17-03-2020,Female,Banco Agromercantil,Monetaria en Q,2277,Alexander,Amor,Banco Promerica,Ahorro,8493,8-1-2020 10:48
Carmita,Hiscoke,8640571546,chiscoke1v@ucsd.edu,17-03-2020,Female,Banco Agromercantil,Monetaria en Q,2277,Esme,Seifenmacher,Banco Promerica,Monetaria en Q,3171,7-14-2020 9:56
Caryn,Kirkham,1581008589,ckirkhamf@instagram.com,16-05-2020,Female,Banco Agromercantil,Ahorro,0,Daffy,Marages,Banco G&T,Monetaria en Q,1458,3-12-2020 9:45
Caryn,Kirkham,1581008589,ckirkhamf@instagram.com,16-05-2020,Female,Banco Agromercantil,Ahorro,0,Nelia,Hathway,Banco G&T,Monetaria en Q,7202,9-1-2020 15:56
Caryn,Kirkham,1581008589,ckirkhamf@instagram.com,16-05-2020,Female,Banco Promerica,Monetaria en $,0,Tripp,Ingree,Banco Agromercantil,Ahorro,9741,7-12-2020 12:03
Cherise,Pluvier,9622621546,cpluvier2o@hao123.com,14-12-2020,Male,Banco Industrial,Ahorro,3285,Deni,Tarn,Banco Agromercantil,Monetaria en Q,5451,8-8-2020 15:41
Cherise,Pluvier,9622621546,cpluvier2o@hao123.com,14-12-2020,Male,Banco Industrial,Ahorro,3285,Janith,Metheringham,Banco Industrial,Monetaria en $,5710,12-22-2020 4:34
Cherise,Pluvier,9622621546,cpluvier2o@hao123.com,14-12-2020,Male,Banco Industrial,Ahorro,3285,Ty,Kittow,Banco G&T,Monetaria en $,8364,7-2-2020 10:52
Cherry,Youtead,6393106875,cyoutead1f@washingtonpost.com,2020-10-07,Female,Banco de desarrollo rural,Monetaria en Q,2311,Hali,Peebles,Banco de desarrollo rural,Ahorro,8817,1-25-2021 15:05
Cherry,Youtead,6393106875,cyoutead1f@washingtonpost.com,2020-10-07,Female,Banco G&T,Monetaria en Q,1189,Koressa,Knowler,Banco G&T,Monetaria en $,9423,10-24-2020 10:35
Cherry,Youtead,6393106875,cyoutead1f@washingtonpost.com,2020-10-07,Female,Banco de desarrollo rural,Monetaria en Q,2311,Leann,Buncher,Banco Industrial,Monetaria en $,2862,3-27-2021 21:57
Cherry,Youtead,6393106875,cyoutead1f@washingtonpost.com,2020-10-07,Female,Banco G&T,Monetaria en Q,1189,Nelia,Hathway,Banco Industrial,Monetaria en $,699,11-24-2020 14:51
Cherry,Youtead,6393106875,cyoutead1f@washingtonpost.com,2020-10-07,Female,Banco Promerica,Ahorro,0,Collie,Leatherland,Banco G&T,Monetaria en Q,9718,1-17-2020 17:50
Cherry,Youtead,6393106875,cyoutead1f@washingtonpost.com,2020-10-07,Female,Banco Promerica,Ahorro,0,Hieronymus,Penn,Banco de desarrollo rural,Monetaria en $,1328,6-24-2020 14:57
Cherry,Youtead,6393106875,cyoutead1f@washingtonpost.com,2020-10-07,Female,Banco G&T,Monetaria en Q,1189,Chrissy,Fells,Banco Industrial,Monetaria en $,4183,1-3-2021 20:45
Cherry,Youtead,6393106875,cyoutead1f@washingtonpost.com,2020-10-07,Female,Banco Promerica,Ahorro,0,Alfie,Castellaccio,Banco Agromercantil,Monetaria en Q,9456,3-22-2020 23:16
Cherry,Youtead,6393106875,cyoutead1f@washingtonpost.com,2020-10-07,Female,Banco Promerica,Ahorro,0,Henriette,Stag,Banco de desarrollo rural,Monetaria en $,5410,10-9-2020 23:36
Cherry,Youtead,6393106875,cyoutead1f@washingtonpost.com,2020-10-07,Female,Banco G&T,Monetaria en Q,1189,Henriette,Stag,Banco de desarrollo rural,Monetaria en $,9401,12-31-2020 13:25
Cherry,Youtead,6393106875,cyoutead1f@washingtonpost.com,2020-10-07,Female,Banco Promerica,Ahorro,0,Horatia,Brumpton,Banco G&T,Ahorro,507,1-6-2020 22:07
Chrissy,Fells,1432225464,cfells17@eventbrite.com,2020-04-06,Female,Banco G&T,Ahorro,0,Alfie,Castellaccio,Banco de desarrollo rural,Monetaria en $,7349,10-22-2020 15:12
Chrissy,Fells,1432225464,cfells17@eventbrite.com,2020-04-06,Female,Banco Industrial,Monetaria en $,0,Sax,Stephenson,Banco Agromercantil,Ahorro,9661,3-26-2021 15:05
Colas,Feek,440057779,cfeek2a@cocolog-nifty.com,31-10-2020,Male,Banco G&T,Monetaria en $,2906,Puff,Huerta,Banco de desarrollo rural,Monetaria en Q,6342,2-16-2020 20:54
Colas,Feek,440057779,cfeek2a@cocolog-nifty.com,31-10-2020,Male,Banco Agromercantil,Monetaria en $,0,Arleta,Umbert,Banco G&T,Monetaria en Q,7825,8-9-2020 1:12
Colas,Feek,440057779,cfeek2a@cocolog-nifty.com,31-10-2020,Male,Banco Industrial,Monetaria en $,0,Arlin,Bruckner,Banco Promerica,Ahorro,8166,3-1-2021 7:17
Colas,Feek,440057779,cfeek2a@cocolog-nifty.com,31-10-2020,Male,Banco Industrial,Monetaria en $,0,Joellen,Rickell,Banco Industrial,Monetaria en Q,3974,10-16-2020 22:35
Colas,Feek,440057779,cfeek2a@cocolog-nifty.com,31-10-2020,Male,Banco G&T,Monetaria en $,2906,Jarid,McEniry,Banco de desarrollo rural,Ahorro,8184,3-3-2021 20:48
Colas,Feek,440057779,cfeek2a@cocolog-nifty.com,31-10-2020,Male,Banco Industrial,Monetaria en $,0,Maggee,Shergold,Banco Industrial,Monetaria en Q,5794,2-2-2021 5:57
Colas,Feek,440057779,cfeek2a@cocolog-nifty.com,31-10-2020,Male,Banco Agromercantil,Monetaria en $,0,Antonetta,Bowler,Banco Agromercantil,Monetaria en $,4091,2-23-2020 4:15
Collie,Leatherland,3334586502,cleatherland1r@shareasale.com,20-08-2020,Male,Banco Industrial,Monetaria en Q,0,Elnore,Foy,Banco de desarrollo rural,Ahorro,9464,10-16-2020 11:48
Collie,Leatherland,3334586502,cleatherland1r@shareasale.com,20-08-2020,Male,Banco Industrial,Monetaria en Q,0,Antonetta,Bowler,Banco Agromercantil,Monetaria en $,9661,11-5-2020 2:26
Collie,Leatherland,3334586502,cleatherland1r@shareasale.com,20-08-2020,Male,Banco Industrial,Monetaria en Q,0,Margo,Aspinall,Banco Industrial,Monetaria en $,3739,8-12-2020 6:08
Collie,Leatherland,3334586502,cleatherland1r@shareasale.com,20-08-2020,Male,Banco Promerica,Ahorro,0,Vassili,Drowsfield,Banco Agromercantil,Monetaria en Q,5184,6-13-2020 10:31
Collie,Leatherland,3334586502,cleatherland1r@shareasale.com,20-08-2020,Male,Banco Industrial,Monetaria en Q,0,Gracia,Burchill,Banco Promerica,Monetaria en $,9965,7-22-2020 17:46
Collie,Leatherland,3334586502,cleatherland1r@shareasale.com,20-08-2020,Male,Banco Promerica,Ahorro,0,Arleta,Umbert,Banco G&T,Monetaria en Q,841,2-14-2020 14:46
Collie,Leatherland,3334586502,cleatherland1r@shareasale.com,20-08-2020,Male,Banco Promerica,Ahorro,0,Dale,Goslin,Banco G&T,Ahorro,388,3-25-2021 0:58
Collie,Leatherland,3334586502,cleatherland1r@shareasale.com,20-08-2020,Male,Banco Industrial,Monetaria en Q,0,Konstanze,Blood,Banco Promerica,Monetaria en Q,7221,10-19-2020 8:50
Collie,Leatherland,3334586502,cleatherland1r@shareasale.com,20-08-2020,Male,Banco Promerica,Ahorro,0,Morgun,Coots,Banco G&T,Monetaria en $,9145,4-13-2021 23:54
Corliss,McCord,5563911438,cmccordx@howstuffworks.com,2020-12-09,Male,Banco Agromercantil,Monetaria en $,0,Jolie,Tollfree,Banco G&T,Monetaria en $,6767,12-14-2020 10:03
Corliss,McCord,5563911438,cmccordx@howstuffworks.com,2020-12-09,Male,Banco Agromercantil,Monetaria en $,0,Zack,Stainton - Skinn,Banco Promerica,Monetaria en Q,4224,3-13-2020 12:45
Corliss,McCord,5563911438,cmccordx@howstuffworks.com,2020-12-09,Male,Banco Promerica,Monetaria en $,0,Antonetta,Bowler,Banco de desarrollo rural,Ahorro,2174,2-4-2021 4:40
Corliss,McCord,5563911438,cmccordx@howstuffworks.com,2020-12-09,Male,Banco Agromercantil,Monetaria en $,0,Boote,Pina,Banco Industrial,Monetaria en Q,1875,1-16-2020 6:16
Cully,Matyugin,7652775906,cmatyugin1y@epa.gov,2020-10-03,Male,Banco Promerica,Monetaria en Q,0,Maggee,Shergold,Banco Promerica,Ahorro,2688,3-29-2020 17:59
Cully,Matyugin,7652775906,cmatyugin1y@epa.gov,2020-10-03,Male,Banco de desarrollo rural,Monetaria en Q,0,Jeanie,Badman,Banco Agromercantil,Ahorro,9426,7-30-2020 18:48
Cully,Matyugin,7652775906,cmatyugin1y@epa.gov,2020-10-03,Male,Banco Promerica,Monetaria en Q,0,Lauralee,Britnell,Banco Industrial,Monetaria en Q,8950,6-25-2020 11:41
Cully,Matyugin,7652775906,cmatyugin1y@epa.gov,2020-10-03,Male,Banco Industrial,Monetaria en Q,3070,Sascha,Kennedy,Banco G&T,Monetaria en $,3301,7-28-2020 12:50
Cully,Matyugin,7652775906,cmatyugin1y@epa.gov,2020-10-03,Male,Banco Promerica,Monetaria en Q,0,Chrissy,Fells,Banco Industrial,Monetaria en $,4079,1-11-2020 15:55
Cully,Matyugin,7652775906,cmatyugin1y@epa.gov,2020-10-03,Male,Banco Industrial,Monetaria en Q,3070,Cully,Matyugin,Banco Promerica,Monetaria en Q,7188,4-1-2021 17:20
Daffy,Marages,2720935689,dmarages8@360.cn,23-03-2020,Male,Banco Promerica,Monetaria en Q,1575,Maggee,Shergold,Banco Promerica,Monetaria en Q,151,5-5-2020 11:21
Daffy,Marages,2720935689,dmarages8@360.cn,23-03-2020,Male,Banco G&T,Monetaria en Q,0,Ardys,Cave,Banco Promerica,Ahorro,9387,10-7-2020 5:47
Daffy,Marages,2720935689,dmarages8@360.cn,23-03-2020,Male,Banco Promerica,Monetaria en Q,1575,Maggee,Shergold,Banco Promerica,Ahorro,739,4-2-2021 15:11
Daffy,Marages,2720935689,dmarages8@360.cn,23-03-2020,Male,Banco Promerica,Monetaria en Q,1575,Stormy,Mathieu,Banco Agromercantil,Ahorro,2652,3-14-2021 23:26
Daffy,Marages,2720935689,dmarages8@360.cn,23-03-2020,Male,Banco G&T,Monetaria en Q,0,Raff,Meah,Banco Industrial,Ahorro,5017,9-16-2020 23:38
Dahlia,Greiser,6310900986,dgreiser1o@icio.us,17-09-2020,Female,Banco Industrial,Monetaria en $,1258,Chrissy,Fells,Banco G&T,Ahorro,1311,2-29-2020 11:47
Dahlia,Greiser,6310900986,dgreiser1o@icio.us,17-09-2020,Female,Banco Industrial,Monetaria en $,1258,Colas,Feek,Banco Agromercantil,Monetaria en $,3484,8-16-2020 4:30
Dale,Goslin,4243293546,dgoslin26@redcross.org,23-05-2020,Male,Banco Promerica,Ahorro,0,Dale,Goslin,Banco G&T,Ahorro,7611,5-19-2020 14:00
Dale,Goslin,4243293546,dgoslin26@redcross.org,23-05-2020,Male,Banco G&T,Ahorro,0,Abigale,Crann,Banco Industrial,Ahorro,7680,10-9-2020 7:41
Dale,Goslin,4243293546,dgoslin26@redcross.org,23-05-2020,Male,Banco G&T,Ahorro,0,Collie,Leatherland,Banco Industrial,Monetaria en Q,336,7-11-2020 8:14
Dale,Goslin,4243293546,dgoslin26@redcross.org,23-05-2020,Male,Banco G&T,Ahorro,0,Elnore,Foy,Banco de desarrollo rural,Ahorro,4424,8-4-2020 4:27
Dale,Goslin,4243293546,dgoslin26@redcross.org,23-05-2020,Male,Banco G&T,Ahorro,0,Margo,Aspinall,Banco de desarrollo rural,Monetaria en $,7542,5-30-2020 9:10
Dale,Goslin,4243293546,dgoslin26@redcross.org,23-05-2020,Male,Banco Promerica,Ahorro,0,Chrissy,Fells,Banco G&T,Ahorro,6610,4-28-2020 3:37
Ddene,Tant,2293083373,dtant4@symantec.com,2020-03-03,Male,Banco Industrial,Ahorro,0,Vassili,Drowsfield,Banco Agromercantil,Monetaria en Q,4743,3-16-2020 11:40
Ddene,Tant,2293083373,dtant4@symantec.com,2020-03-03,Male,Banco de desarrollo rural,Monetaria en $,0,Vassili,Drowsfield,Banco G&T,Monetaria en $,566,2-2-2020 22:31
Ddene,Tant,2293083373,dtant4@symantec.com,2020-03-03,Male,Banco de desarrollo rural,Monetaria en $,0,Javier,Theodore,Banco Industrial,Monetaria en $,8856,8-22-2020 20:00
Ddene,Tant,2293083373,dtant4@symantec.com,2020-03-03,Male,Banco Industrial,Ahorro,0,Jolie,Tollfree,Banco G&T,Monetaria en $,516,11-30-2020 15:03
Deni,Tarn,6467582497,dtarn1u@cornell.edu,2020-03-06,Female,Banco de desarrollo rural,Monetaria en $,3991,Giordano,Rimington,Banco Industrial,Ahorro,4426,2-25-2020 9:08
Deni,Tarn,6467582497,dtarn1u@cornell.edu,2020-03-06,Female,Banco Agromercantil,Monetaria en Q,0,Tina,De Beauchemp,Banco Industrial,Ahorro,8120,2-9-2020 20:34
Deni,Tarn,6467582497,dtarn1u@cornell.edu,2020-03-06,Female,Banco Promerica,Monetaria en $,0,Reinwald,Raphael,Banco Industrial,Monetaria en Q,313,11-2-2020 9:12
Deni,Tarn,6467582497,dtarn1u@cornell.edu,2020-03-06,Female,Banco G&T,Monetaria en $,4968,Esme,Seifenmacher,Banco Industrial,Ahorro,3888,5-3-2020 10:35
Deni,Tarn,6467582497,dtarn1u@cornell.edu,2020-03-06,Female,Banco de desarrollo rural,Monetaria en $,3991,Morgun,Coots,Banco Promerica,Monetaria en $,3200,7-6-2020 16:22
Deni,Tarn,6467582497,dtarn1u@cornell.edu,2020-03-06,Female,Banco G&T,Monetaria en Q,4105,Hali,Peebles,Banco de desarrollo rural,Ahorro,7344,4-6-2020 1:40
Deni,Tarn,6467582497,dtarn1u@cornell.edu,2020-03-06,Female,Banco G&T,Monetaria en Q,4105,Daffy,Marages,Banco Promerica,Monetaria en Q,8263,7-18-2020 20:52
Deni,Tarn,6467582497,dtarn1u@cornell.edu,2020-03-06,Female,Banco Promerica,Monetaria en $,0,Dahlia,Greiser,Banco Industrial,Monetaria en $,6989,8-2-2020 1:56
Deni,Tarn,6467582497,dtarn1u@cornell.edu,2020-03-06,Female,Banco G&T,Monetaria en Q,4105,Collie,Leatherland,Banco Industrial,Monetaria en Q,2878,11-23-2020 10:58
Deni,Tarn,6467582497,dtarn1u@cornell.edu,2020-03-06,Female,Banco Promerica,Monetaria en $,0,Horatia,Brumpton,Banco G&T,Ahorro,9087,8-8-2020 8:28
Deni,Tarn,6467582497,dtarn1u@cornell.edu,2020-03-06,Female,Banco Promerica,Monetaria en $,0,Alfie,Castellaccio,Banco de desarrollo rural,Monetaria en Q,1034,11-9-2020 7:38
Deni,Tarn,6467582497,dtarn1u@cornell.edu,2020-03-06,Female,Banco de desarrollo rural,Monetaria en $,3991,Hali,Peebles,Banco de desarrollo rural,Ahorro,1922,3-27-2021 0:51
Deni,Tarn,6467582497,dtarn1u@cornell.edu,2020-03-06,Female,Banco de desarrollo rural,Monetaria en $,3991,Phaidra,Thornthwaite,Banco de desarrollo rural,Monetaria en Q,8570,9-21-2020 17:05
Deni,Tarn,6467582497,dtarn1u@cornell.edu,2020-03-06,Female,Banco Promerica,Monetaria en $,0,Bobbette,Dutton,Banco Promerica,Ahorro,3577,1-20-2021 7:03
Deni,Tarn,6467582497,dtarn1u@cornell.edu,2020-03-06,Female,Banco de desarrollo rural,Monetaria en $,3991,Giordano,Rimington,Banco G&T,Monetaria en $,6864,11-13-2020 20:51
Deni,Tarn,6467582497,dtarn1u@cornell.edu,2020-03-06,Female,Banco G&T,Monetaria en Q,4105,Bobbette,Dutton,Banco G&T,Monetaria en $,2517,3-11-2020 12:03
Deni,Tarn,6467582497,dtarn1u@cornell.edu,2020-03-06,Female,Banco Promerica,Monetaria en $,0,Willie,Brahan,Banco Promerica,Monetaria en $,2585,8-10-2020 17:54
Deni,Tarn,6467582497,dtarn1u@cornell.edu,2020-03-06,Female,Banco G&T,Monetaria en Q,4105,Ulla,Balloch,Banco Promerica,Monetaria en Q,7035,2-17-2021 17:52
Devin,Sheere,2286509069,dsheere23@bluehost.com,2020-09-07,Female,Banco Industrial,Monetaria en Q,1858,Raff,Meah,Banco G&T,Monetaria en $,6039,8-24-2020 20:32
Devin,Sheere,2286509069,dsheere23@bluehost.com,2020-09-07,Female,Banco Industrial,Monetaria en Q,1858,Sunny,Alvin,Banco Agromercantil,Monetaria en $,7262,5-14-2020 16:41
Devin,Sheere,2286509069,dsheere23@bluehost.com,2020-09-07,Female,Banco Agromercantil,Ahorro,3494,Caryn,Kirkham,Banco Agromercantil,Ahorro,5077,3-8-2020 16:22
Devin,Sheere,2286509069,dsheere23@bluehost.com,2020-09-07,Female,Banco Industrial,Monetaria en Q,1858,Arleta,Umbert,Banco G&T,Monetaria en Q,3027,3-7-2021 20:10
Devin,Sheere,2286509069,dsheere23@bluehost.com,2020-09-07,Female,Banco Industrial,Monetaria en Q,1858,Janith,Metheringham,Banco Industrial,Monetaria en $,6406,2-19-2021 20:31
Devin,Sheere,2286509069,dsheere23@bluehost.com,2020-09-07,Female,Banco G&T,Monetaria en Q,3001,Kizzie,Pettman,Banco Industrial,Ahorro,6380,3-30-2021 22:10
Donielle,Duckham,4348903484,dduckhamg@baidu.com,13-01-2020,Female,Banco de desarrollo rural,Monetaria en Q,0,Alfie,Castellaccio,Banco de desarrollo rural,Monetaria en Q,7091,2-18-2021 10:47
Donielle,Duckham,4348903484,dduckhamg@baidu.com,13-01-2020,Female,Banco de desarrollo rural,Monetaria en Q,0,Raff,Meah,Banco G&T,Monetaria en $,5474,2-10-2020 9:53
Elnore,Foy,6154977174,efoy19@smh.com.au,2020-02-11,Male,Banco Agromercantil,Ahorro,2257,Timmi,Hovie,Banco G&T,Ahorro,4790,3-2-2021 5:59
Elnore,Foy,6154977174,efoy19@smh.com.au,2020-02-11,Male,Banco Agromercantil,Ahorro,2257,Deni,Tarn,Banco Promerica,Monetaria en $,5058,1-3-2020 0:03
Elnore,Foy,6154977174,efoy19@smh.com.au,2020-02-11,Male,Banco Agromercantil,Ahorro,2257,Phaidra,Thornthwaite,Banco de desarrollo rural,Monetaria en Q,4431,1-16-2020 18:23
Esme,Seifenmacher,7341877243,eseifenmacher1z@free.fr,26-08-2020,Female,Banco Industrial,Monetaria en $,0,Willie,Brahan,Banco Promerica,Monetaria en $,7028,11-21-2020 12:37
Esme,Seifenmacher,7341877243,eseifenmacher1z@free.fr,26-08-2020,Female,Banco Promerica,Monetaria en Q,1522,Gearard,Laye,Banco de desarrollo rural,Monetaria en $,3953,3-29-2020 6:39
Esme,Seifenmacher,7341877243,eseifenmacher1z@free.fr,26-08-2020,Female,Banco Promerica,Monetaria en Q,1522,Joelynn,De Gregoli,Banco Promerica,Ahorro,3391,4-12-2021 4:59
Esme,Seifenmacher,7341877243,eseifenmacher1z@free.fr,26-08-2020,Female,Banco Industrial,Monetaria en $,0,Arleta,Umbert,Banco Industrial,Monetaria en $,7160,1-15-2021 7:58
Esme,Seifenmacher,7341877243,eseifenmacher1z@free.fr,26-08-2020,Female,Banco Industrial,Ahorro,624,Jeanne,Ciottoi,Banco Industrial,Monetaria en Q,279,9-19-2020 13:16
Esme,Seifenmacher,7341877243,eseifenmacher1z@free.fr,26-08-2020,Female,Banco Industrial,Ahorro,624,Arron,Dalziel,Banco de desarrollo rural,Monetaria en $,5375,1-7-2020 22:50
Esme,Seifenmacher,7341877243,eseifenmacher1z@free.fr,26-08-2020,Female,Banco Promerica,Monetaria en Q,1522,Willie,Brahan,Banco G&T,Monetaria en $,9273,10-24-2020 15:29
Gearard,Laye,9158606432,glaye2j@oaic.gov.au,18-06-2020,Male,Banco de desarrollo rural,Monetaria en $,2879,Konstanze,Blood,Banco Agromercantil,Monetaria en $,2523,8-30-2020 12:56
Gearard,Laye,9158606432,glaye2j@oaic.gov.au,18-06-2020,Male,Banco de desarrollo rural,Monetaria en $,2879,Horatia,Brumpton,Banco G&T,Ahorro,6483,2-4-2020 23:52
Giordano,Rimington,270162925,grimingtonb@tmall.com,25-08-2020,Female,Banco G&T,Monetaria en $,0,Colas,Feek,Banco G&T,Monetaria en $,1043,1-6-2020 12:52
Giordano,Rimington,270162925,grimingtonb@tmall.com,25-08-2020,Female,Banco de desarrollo rural,Ahorro,547,Antonetta,Bowler,Banco de desarrollo rural,Ahorro,9281,12-25-2020 6:47
Giordano,Rimington,270162925,grimingtonb@tmall.com,25-08-2020,Female,Banco Industrial,Ahorro,1250,Cherry,Youtead,Banco G&T,Monetaria en Q,506,5-17-2020 17:09
Giordano,Rimington,270162925,grimingtonb@tmall.com,25-08-2020,Female,Banco G&T,Monetaria en $,0,Raff,Meah,Banco G&T,Monetaria en $,4225,2-6-2021 18:35
Giordano,Rimington,270162925,grimingtonb@tmall.com,25-08-2020,Female,Banco Industrial,Ahorro,1250,Collie,Leatherland,Banco G&T,Monetaria en Q,8264,10-5-2020 9:43
Giordano,Rimington,270162925,grimingtonb@tmall.com,25-08-2020,Female,Banco de desarrollo rural,Ahorro,547,Joelynn,De Gregoli,Banco Promerica,Ahorro,9825,4-11-2021 12:09
Giordano,Rimington,270162925,grimingtonb@tmall.com,25-08-2020,Female,Banco G&T,Monetaria en $,0,Koressa,Knowler,Banco Promerica,Ahorro,5223,2-26-2021 16:07
Giordano,Rimington,270162925,grimingtonb@tmall.com,25-08-2020,Female,Banco G&T,Monetaria en $,0,Colas,Feek,Banco G&T,Monetaria en $,4420,10-16-2020 20:25
Giordano,Rimington,270162925,grimingtonb@tmall.com,25-08-2020,Female,Banco Industrial,Ahorro,1250,Henriette,Stag,Banco de desarrollo rural,Monetaria en $,2356,10-19-2020 1:10
Gracia,Burchill,5981356200,gburchilll@baidu.com,2020-02-07,Female,Banco Promerica,Monetaria en $,2291,Horatia,Brumpton,Banco G&T,Ahorro,2781,3-12-2021 6:13
Gracia,Burchill,5981356200,gburchilll@baidu.com,2020-02-07,Female,Banco de desarrollo rural,Monetaria en $,0,Phaidra,Thornthwaite,Banco de desarrollo rural,Monetaria en Q,3119,10-8-2020 13:53
Gracia,Burchill,5981356200,gburchilll@baidu.com,2020-02-07,Female,Banco Promerica,Monetaria en $,2291,Konstanze,Blood,Banco Agromercantil,Monetaria en $,6518,12-9-2020 10:15
Gracia,Burchill,5981356200,gburchilll@baidu.com,2020-02-07,Female,Banco de desarrollo rural,Monetaria en $,0,Sax,Stephenson,Banco Agromercantil,Ahorro,800,2-2-2021 12:02
Hali,Peebles,1909436437,hpeebles12@gizmodo.com,2020-12-03,Male,Banco Industrial,Monetaria en Q,3639,Corliss,McCord,Banco Agromercantil,Monetaria en $,3449,7-14-2020 17:32
Hali,Peebles,1909436437,hpeebles12@gizmodo.com,2020-12-03,Male,Banco de desarrollo rural,Ahorro,0,Morgun,Coots,Banco Industrial,Monetaria en Q,4310,6-8-2020 15:14
Hali,Peebles,1909436437,hpeebles12@gizmodo.com,2020-12-03,Male,Banco de desarrollo rural,Ahorro,0,Koressa,Knowler,Banco Promerica,Ahorro,5896,2-16-2021 18:50
Hali,Peebles,1909436437,hpeebles12@gizmodo.com,2020-12-03,Male,Banco Promerica,Monetaria en $,0,Maggee,Shergold,Banco Industrial,Monetaria en Q,5209,5-12-2020 7:45
Hali,Peebles,1909436437,hpeebles12@gizmodo.com,2020-12-03,Male,Banco de desarrollo rural,Ahorro,0,Phaidra,Thornthwaite,Banco de desarrollo rural,Monetaria en Q,3466,3-28-2021 7:42
Hali,Peebles,1909436437,hpeebles12@gizmodo.com,2020-12-03,Male,Banco Promerica,Monetaria en $,0,Margo,Aspinall,Banco de desarrollo rural,Monetaria en $,2520,1-13-2020 17:21
Hali,Peebles,1909436437,hpeebles12@gizmodo.com,2020-12-03,Male,Banco Promerica,Monetaria en $,0,Tina,De Beauchemp,Banco Agromercantil,Ahorro,1997,4-26-2020 0:47
Hali,Peebles,1909436437,hpeebles12@gizmodo.com,2020-12-03,Male,Banco Promerica,Ahorro,3556,Janith,Metheringham,Banco Industrial,Monetaria en $,9945,3-31-2021 9:53
Hali,Peebles,1909436437,hpeebles12@gizmodo.com,2020-12-03,Male,Banco Industrial,Monetaria en Q,3639,Horatia,Brumpton,Banco G&T,Ahorro,858,8-4-2020 9:05
Hali,Peebles,1909436437,hpeebles12@gizmodo.com,2020-12-03,Male,Banco Promerica,Ahorro,3556,Leonid,Berrey,Banco Promerica,Monetaria en $,8930,6-18-2020 21:28
Hali,Peebles,1909436437,hpeebles12@gizmodo.com,2020-12-03,Male,Banco de desarrollo rural,Ahorro,1818,Ddene,Tant,Banco de desarrollo rural,Monetaria en $,6129,1-1-2021 10:03
Hali,Peebles,1909436437,hpeebles12@gizmodo.com,2020-12-03,Male,Banco de desarrollo rural,Ahorro,0,Chrissy,Fells,Banco Industrial,Monetaria en $,5965,4-11-2020 10:09
Hali,Peebles,1909436437,hpeebles12@gizmodo.com,2020-12-03,Male,Banco de desarrollo rural,Ahorro,0,Margo,Aspinall,Banco de desarrollo rural,Monetaria en $,4065,12-29-2020 21:32
Hali,Peebles,1909436437,hpeebles12@gizmodo.com,2020-12-03,Male,Banco de desarrollo rural,Ahorro,1818,Manuel,Gouldstone,Banco Industrial,Monetaria en $,1574,10-9-2020 19:22
Henriette,Stag,5203620156,hstag1l@vimeo.com,2020-02-05,Male,Banco de desarrollo rural,Monetaria en $,567,Arleta,Umbert,Banco G&T,Monetaria en Q,9160,11-16-2020 4:06
Henriette,Stag,5203620156,hstag1l@vimeo.com,2020-02-05,Male,Banco de desarrollo rural,Monetaria en $,567,Tina,De Beauchemp,Banco Agromercantil,Ahorro,2507,5-22-2020 17:02
Hieronymus,Penn,3070506224,hpenn2m@aboutads.info,25-02-2020,Male,Banco de desarrollo rural,Monetaria en $,1264,Inga,Cromleholme,Banco Promerica,Ahorro,1076,2-5-2020 5:34
Hieronymus,Penn,3070506224,hpenn2m@aboutads.info,25-02-2020,Male,Banco de desarrollo rural,Monetaria en $,1264,Tina,De Beauchemp,Banco Agromercantil,Ahorro,156,4-14-2021 6:36
Hieronymus,Penn,3070506224,hpenn2m@aboutads.info,25-02-2020,Male,Banco de desarrollo rural,Monetaria en $,1264,Nelia,Hathway,Banco Industrial,Monetaria en $,8404,4-1-2020 5:37
Hieronymus,Penn,3070506224,hpenn2m@aboutads.info,25-02-2020,Male,Banco de desarrollo rural,Monetaria en $,1264,Henriette,Stag,Banco de desarrollo rural,Monetaria en $,3499,6-10-2020 19:28
Horatia,Brumpton,1653130695,hbrumpton1k@engadget.com,25-10-2020,Female,Banco G&T,Ahorro,4275,Tina,De Beauchemp,Banco Industrial,Ahorro,6148,6-29-2020 5:40
Horatia,Brumpton,1653130695,hbrumpton1k@engadget.com,25-10-2020,Female,Banco G&T,Ahorro,0,Riva,Gaven,Banco Promerica,Monetaria en $,4920,7-15-2020 23:34
Horatia,Brumpton,1653130695,hbrumpton1k@engadget.com,25-10-2020,Female,Banco Agromercantil,Monetaria en $,0,Chrissy,Fells,Banco Industrial,Monetaria en $,2881,3-18-2021 8:54
Horatia,Brumpton,1653130695,hbrumpton1k@engadget.com,25-10-2020,Female,Banco G&T,Ahorro,0,Joelynn,De Gregoli,Banco G&T,Monetaria en Q,4946,12-17-2020 11:53
Horatia,Brumpton,1653130695,hbrumpton1k@engadget.com,25-10-2020,Female,Banco G&T,Ahorro,1612,Vassili,Drowsfield,Banco G&T,Monetaria en $,2200,3-19-2021 17:12
Horatia,Brumpton,1653130695,hbrumpton1k@engadget.com,25-10-2020,Female,Banco G&T,Ahorro,4782,Arleta,Umbert,Banco Promerica,Monetaria en Q,8666,1-20-2021 17:07
Horatia,Brumpton,1653130695,hbrumpton1k@engadget.com,25-10-2020,Female,Banco G&T,Monetaria en Q,4437,Koressa,Knowler,Banco G&T,Monetaria en $,1883,3-18-2021 16:18
Horatia,Brumpton,1653130695,hbrumpton1k@engadget.com,25-10-2020,Female,Banco Agromercantil,Monetaria en $,0,Alfie,Castellaccio,Banco de desarrollo rural,Monetaria en Q,7170,1-28-2021 20:48
Horatia,Brumpton,1653130695,hbrumpton1k@engadget.com,25-10-2020,Female,Banco G&T,Ahorro,4782,Sascha,Kennedy,Banco Promerica,Ahorro,8885,1-4-2021 5:54
Horatia,Brumpton,1653130695,hbrumpton1k@engadget.com,25-10-2020,Female,Banco G&T,Ahorro,4782,Elnore,Foy,Banco de desarrollo rural,Ahorro,2476,7-9-2020 13:27
Horatia,Brumpton,1653130695,hbrumpton1k@engadget.com,25-10-2020,Female,Banco G&T,Ahorro,4275,Daffy,Marages,Banco G&T,Monetaria en Q,4740,10-31-2020 17:28
Horatia,Brumpton,1653130695,hbrumpton1k@engadget.com,25-10-2020,Female,Banco G&T,Ahorro,4782,Inga,Cromleholme,Banco Promerica,Monetaria en $,3594,3-23-2021 0:50
Horatia,Brumpton,1653130695,hbrumpton1k@engadget.com,25-10-2020,Female,Banco G&T,Ahorro,1612,Luelle,Barenskie,Banco G&T,Monetaria en Q,3628,11-7-2020 19:07
Horatia,Brumpton,1653130695,hbrumpton1k@engadget.com,25-10-2020,Female,Banco G&T,Monetaria en Q,4437,Koressa,Knowler,Banco de desarrollo rural,Monetaria en $,5346,6-21-2020 3:34
Horatia,Brumpton,1653130695,hbrumpton1k@engadget.com,25-10-2020,Female,Banco G&T,Ahorro,1612,Inga,Cromleholme,Banco Industrial,Ahorro,737,2-17-2021 1:29
Horatia,Brumpton,1653130695,hbrumpton1k@engadget.com,25-10-2020,Female,Banco G&T,Ahorro,0,Deni,Tarn,Banco de desarrollo rural,Monetaria en $,2721,3-25-2020 22:57
Horatia,Brumpton,1653130695,hbrumpton1k@engadget.com,25-10-2020,Female,Banco G&T,Ahorro,4782,Riva,Gaven,Banco Promerica,Monetaria en $,357,11-12-2020 8:01
Ike,Nickels,6290621491,inickels25@squidoo.com,22-09-2020,Male,Banco de desarrollo rural,Monetaria en Q,423,Willie,Brahan,Banco Promerica,Monetaria en $,9210,12-23-2020 16:13
Ike,Nickels,6290621491,inickels25@squidoo.com,22-09-2020,Male,Banco de desarrollo rural,Monetaria en Q,423,Jeanne,Ciottoi,Banco Industrial,Monetaria en Q,1240,1-29-2020 15:20
Ike,Nickels,6290621491,inickels25@squidoo.com,22-09-2020,Male,Banco de desarrollo rural,Monetaria en Q,423,Ty,Kittow,Banco de desarrollo rural,Ahorro,1160,1-28-2021 12:33
Inga,Cromleholme,3179095431,icromleholmet@artisteer.com,25-11-2020,Female,Banco Industrial,Ahorro,3387,Raff,Meah,Banco G&T,Monetaria en $,3132,11-18-2020 14:49
Inga,Cromleholme,3179095431,icromleholmet@artisteer.com,25-11-2020,Female,Banco Promerica,Ahorro,2864,Nelia,Hathway,Banco Industrial,Monetaria en Q,9230,8-28-2020 23:21
Inga,Cromleholme,3179095431,icromleholmet@artisteer.com,25-11-2020,Female,Banco Industrial,Ahorro,3387,Inga,Cromleholme,Banco Promerica,Ahorro,9750,6-18-2020 13:50
Inga,Cromleholme,3179095431,icromleholmet@artisteer.com,25-11-2020,Female,Banco Promerica,Monetaria en $,0,Inga,Cromleholme,Banco Promerica,Monetaria en $,1997,6-3-2020 11:36
Inga,Cromleholme,3179095431,icromleholmet@artisteer.com,25-11-2020,Female,Banco Promerica,Ahorro,2864,Dale,Goslin,Banco G&T,Ahorro,1141,12-4-2020 15:06
Inga,Cromleholme,3179095431,icromleholmet@artisteer.com,25-11-2020,Female,Banco Industrial,Ahorro,3387,Koressa,Knowler,Banco de desarrollo rural,Monetaria en $,7134,2-16-2020 0:51
Inga,Cromleholme,3179095431,icromleholmet@artisteer.com,25-11-2020,Female,Banco Industrial,Ahorro,3387,Neill,Esser,Banco Industrial,Monetaria en $,6824,12-18-2020 18:15
Inga,Cromleholme,3179095431,icromleholmet@artisteer.com,25-11-2020,Female,Banco Promerica,Ahorro,2864,Cherise,Pluvier,Banco Industrial,Ahorro,6036,8-4-2020 19:08
Inga,Cromleholme,3179095431,icromleholmet@artisteer.com,25-11-2020,Female,Banco Industrial,Ahorro,3387,Konstanze,Blood,Banco Industrial,Ahorro,951,3-9-2021 11:51
Janith,Metheringham,6172401947,jmetheringham15@nytimes.com,30-01-2020,Male,Banco Agromercantil,Monetaria en $,0,Alfie,Castellaccio,Banco Agromercantil,Monetaria en Q,9675,7-27-2020 21:50
Janith,Metheringham,6172401947,jmetheringham15@nytimes.com,30-01-2020,Male,Banco Agromercantil,Monetaria en $,0,Alfie,Castellaccio,Banco Agromercantil,Monetaria en Q,2606,3-15-2020 16:16
Janith,Metheringham,6172401947,jmetheringham15@nytimes.com,30-01-2020,Male,Banco Industrial,Monetaria en $,0,Maggee,Shergold,Banco Promerica,Ahorro,153,10-4-2020 14:38
Janith,Metheringham,6172401947,jmetheringham15@nytimes.com,30-01-2020,Male,Banco Agromercantil,Monetaria en $,0,Kit,Tottman,Banco G&T,Monetaria en $,1119,11-28-2020 12:49
Jarid,McEniry,7858016997,jmceniry1d@angelfire.com,23-03-2020,Male,Banco de desarrollo rural,Ahorro,4005,Ddene,Tant,Banco de desarrollo rural,Monetaria en $,7305,4-2-2020 12:24
Javier,Theodore,1485345081,jtheodore1b@nsw.gov.au,2020-12-05,Female,Banco Industrial,Monetaria en $,1602,Abigale,Crann,Banco Industrial,Ahorro,2510,8-6-2020 9:24
Javier,Theodore,1485345081,jtheodore1b@nsw.gov.au,2020-12-05,Female,Banco G&T,Monetaria en $,2008,Jeanie,Badman,Banco Promerica,Monetaria en $,4123,2-7-2021 20:32
Javier,Theodore,1485345081,jtheodore1b@nsw.gov.au,2020-12-05,Female,Banco Industrial,Monetaria en $,1602,Hali,Peebles,Banco de desarrollo rural,Ahorro,6021,5-25-2020 8:02
Javier,Theodore,1485345081,jtheodore1b@nsw.gov.au,2020-12-05,Female,Banco Industrial,Monetaria en $,1602,Maggee,Shergold,Banco Promerica,Ahorro,3926,8-18-2020 21:22
Javier,Theodore,1485345081,jtheodore1b@nsw.gov.au,2020-12-05,Female,Banco G&T,Monetaria en $,2008,Vassili,Drowsfield,Banco Agromercantil,Monetaria en Q,5761,6-29-2020 9:54
Javier,Theodore,1485345081,jtheodore1b@nsw.gov.au,2020-12-05,Female,Banco Industrial,Monetaria en $,1602,Horatia,Brumpton,Banco G&T,Ahorro,3216,3-13-2020 22:56
Javier,Theodore,1485345081,jtheodore1b@nsw.gov.au,2020-12-05,Female,Banco G&T,Monetaria en $,2008,Horatia,Brumpton,Banco G&T,Ahorro,5864,12-12-2020 9:38
Javier,Theodore,1485345081,jtheodore1b@nsw.gov.au,2020-12-05,Female,Banco Industrial,Monetaria en $,1602,Ike,Nickels,Banco de desarrollo rural,Monetaria en Q,1425,4-7-2020 7:48
Jeanie,Badman,2320648240,jbadmanu@toplist.cz,2020-10-08,Male,Banco G&T,Monetaria en Q,0,Deni,Tarn,Banco Agromercantil,Monetaria en Q,7158,12-10-2020 16:52
Jeanie,Badman,2320648240,jbadmanu@toplist.cz,2020-10-08,Male,Banco Agromercantil,Ahorro,1563,Maressa,Delgadillo,Banco Industrial,Ahorro,223,4-15-2021 21:58
Jeanie,Badman,2320648240,jbadmanu@toplist.cz,2020-10-08,Male,Banco Promerica,Monetaria en $,0,Sunny,Alvin,Banco Agromercantil,Monetaria en $,9712,2-18-2021 2:28
Jeanie,Badman,2320648240,jbadmanu@toplist.cz,2020-10-08,Male,Banco G&T,Monetaria en Q,0,Esme,Seifenmacher,Banco Industrial,Monetaria en $,2453,10-23-2020 0:10
Jeanie,Badman,2320648240,jbadmanu@toplist.cz,2020-10-08,Male,Banco G&T,Monetaria en Q,0,Horatia,Brumpton,Banco G&T,Ahorro,385,1-18-2021 3:20
Jeanie,Badman,2320648240,jbadmanu@toplist.cz,2020-10-08,Male,Banco G&T,Monetaria en Q,0,Sascha,Kennedy,Banco Promerica,Ahorro,94,3-5-2021 18:40
Jeanie,Badman,2320648240,jbadmanu@toplist.cz,2020-10-08,Male,Banco G&T,Monetaria en Q,0,Bobbette,Dutton,Banco Promerica,Ahorro,8936,8-7-2020 23:15
Jeanie,Badman,2320648240,jbadmanu@toplist.cz,2020-10-08,Male,Banco Agromercantil,Ahorro,1563,Sascha,Kennedy,Banco G&T,Monetaria en $,5970,1-17-2021 20:54
Jeanie,Badman,2320648240,jbadmanu@toplist.cz,2020-10-08,Male,Banco G&T,Monetaria en Q,0,Colas,Feek,Banco Agromercantil,Monetaria en $,9618,1-6-2020 16:43
Jeanie,Badman,2320648240,jbadmanu@toplist.cz,2020-10-08,Male,Banco G&T,Monetaria en Q,0,Nelia,Hathway,Banco G&T,Monetaria en Q,8221,1-28-2020 20:33
Jeanie,Badman,2320648240,jbadmanu@toplist.cz,2020-10-08,Male,Banco Promerica,Monetaria en $,0,Cherise,Pluvier,Banco Industrial,Ahorro,3872,2-9-2020 14:59
Jeanne,Ciottoi,3199681735,jciottoi18@un.org,2020-01-03,Female,Banco de desarrollo rural,Monetaria en $,2743,Leann,Buncher,Banco Industrial,Monetaria en $,6229,11-11-2020 1:28
Jeanne,Ciottoi,3199681735,jciottoi18@un.org,2020-01-03,Female,Banco de desarrollo rural,Monetaria en $,2743,Alfie,Castellaccio,Banco G&T,Monetaria en $,7753,10-6-2020 17:50
Joellen,Rickell,677914504,jrickell20@artisteer.com,22-02-2020,Female,Banco Industrial,Monetaria en Q,2831,Abigale,Crann,Banco Industrial,Ahorro,9287,12-29-2020 20:04
Joellen,Rickell,677914504,jrickell20@artisteer.com,22-02-2020,Female,Banco Industrial,Monetaria en Q,2831,Tina,De Beauchemp,Banco Agromercantil,Ahorro,6183,6-14-2020 0:34
Joelynn,De Gregoli,9835876975,jdegregoli1s@harvard.edu,2020-03-05,Female,Banco Industrial,Monetaria en Q,1191,Vassili,Drowsfield,Banco G&T,Monetaria en $,6522,11-15-2020 18:07
Joelynn,De Gregoli,9835876975,jdegregoli1s@harvard.edu,2020-03-05,Female,Banco Promerica,Ahorro,4350,Kizzie,Pettman,Banco Industrial,Ahorro,6270,12-25-2020 12:27
Joelynn,De Gregoli,9835876975,jdegregoli1s@harvard.edu,2020-03-05,Female,Banco Industrial,Monetaria en Q,1191,Joelynn,De Gregoli,Banco G&T,Monetaria en Q,7821,2-2-2020 0:33
Joelynn,De Gregoli,9835876975,jdegregoli1s@harvard.edu,2020-03-05,Female,Banco Industrial,Monetaria en Q,1191,Abigale,Crann,Banco Agromercantil,Monetaria en $,3271,11-23-2020 13:10
Joelynn,De Gregoli,9835876975,jdegregoli1s@harvard.edu,2020-03-05,Female,Banco G&T,Monetaria en Q,3214,Phaidra,Thornthwaite,Banco de desarrollo rural,Monetaria en Q,8915,5-5-2020 0:48
Joelynn,De Gregoli,9835876975,jdegregoli1s@harvard.edu,2020-03-05,Female,Banco Promerica,Ahorro,4350,Konstanze,Blood,Banco Agromercantil,Monetaria en $,784,4-9-2020 19:40
Joelynn,De Gregoli,9835876975,jdegregoli1s@harvard.edu,2020-03-05,Female,Banco Promerica,Ahorro,4350,Koressa,Knowler,Banco de desarrollo rural,Monetaria en $,5465,1-11-2020 13:07
Joelynn,De Gregoli,9835876975,jdegregoli1s@harvard.edu,2020-03-05,Female,Banco Promerica,Ahorro,4350,Dale,Goslin,Banco Promerica,Ahorro,8301,10-31-2020 4:35
Joelynn,De Gregoli,9835876975,jdegregoli1s@harvard.edu,2020-03-05,Female,Banco Promerica,Ahorro,4350,Sascha,Kennedy,Banco Promerica,Ahorro,1604,9-26-2020 15:57
Kit,Tottman,445543914,ktottmany@domainmarket.com,15-01-2020,Male,Banco G&T,Monetaria en $,0,Konstanze,Blood,Banco Industrial,Ahorro,8341,4-30-2020 1:21
Kizzie,Pettman,6981272008,kpettman1j@weebly.com,2020-09-08,Female,Banco Promerica,Ahorro,1774,Bobbette,Dutton,Banco Promerica,Ahorro,2545,8-16-2020 18:41
Kizzie,Pettman,6981272008,kpettman1j@weebly.com,2020-09-08,Female,Banco Industrial,Ahorro,0,Morgun,Coots,Banco G&T,Monetaria en $,6163,8-24-2020 20:38
Kizzie,Pettman,6981272008,kpettman1j@weebly.com,2020-09-08,Female,Banco Promerica,Ahorro,1774,Manuel,Gouldstone,Banco Industrial,Monetaria en $,9963,2-24-2021 18:10
Kizzie,Pettman,6981272008,kpettman1j@weebly.com,2020-09-08,Female,Banco Promerica,Ahorro,1774,Inga,Cromleholme,Banco Promerica,Monetaria en $,4032,8-5-2020 1:57
Kizzie,Pettman,6981272008,kpettman1j@weebly.com,2020-09-08,Female,Banco Promerica,Ahorro,1774,Manuel,Gouldstone,Banco Industrial,Monetaria en $,8816,12-9-2020 16:14
Kizzie,Pettman,6981272008,kpettman1j@weebly.com,2020-09-08,Female,Banco Promerica,Ahorro,0,Thoma,Kempster,Banco Promerica,Monetaria en $,5460,10-23-2020 13:39
Kizzie,Pettman,6981272008,kpettman1j@weebly.com,2020-09-08,Female,Banco Promerica,Ahorro,1774,Hali,Peebles,Banco Industrial,Ahorro,1714,1-5-2021 15:54
Kizzie,Pettman,6981272008,kpettman1j@weebly.com,2020-09-08,Female,Banco Promerica,Ahorro,1774,Jarid,McEniry,Banco de desarrollo rural,Ahorro,583,7-10-2020 21:09
Kizzie,Pettman,6981272008,kpettman1j@weebly.com,2020-09-08,Female,Banco Promerica,Ahorro,1774,Devin,Sheere,Banco Agromercantil,Ahorro,5224,3-5-2021 11:08
Kizzie,Pettman,6981272008,kpettman1j@weebly.com,2020-09-08,Female,Banco Promerica,Ahorro,1774,Joelynn,De Gregoli,Banco Promerica,Ahorro,9947,2-6-2020 16:26
Kizzie,Pettman,6981272008,kpettman1j@weebly.com,2020-09-08,Female,Banco Promerica,Ahorro,1774,Collie,Leatherland,Banco Industrial,Monetaria en Q,1732,4-6-2020 23:46
Kizzie,Pettman,6981272008,kpettman1j@weebly.com,2020-09-08,Female,Banco Promerica,Ahorro,1774,Kit,Tottman,Banco G&T,Monetaria en $,7270,5-28-2020 4:12
Kizzie,Pettman,6981272008,kpettman1j@weebly.com,2020-09-08,Female,Banco Promerica,Ahorro,0,Horatia,Brumpton,Banco G&T,Ahorro,4817,4-12-2021 6:33
Kizzie,Pettman,6981272008,kpettman1j@weebly.com,2020-09-08,Female,Banco Promerica,Ahorro,0,Devin,Sheere,Banco Industrial,Monetaria en Q,8648,8-30-2020 12:12
Konstanze,Blood,7873382966,kblood1w@hhs.gov,24-11-2020,Female,Banco Promerica,Monetaria en Q,0,Maggee,Shergold,Banco Industrial,Monetaria en Q,5302,5-30-2020 0:36
Konstanze,Blood,7873382966,kblood1w@hhs.gov,24-11-2020,Female,Banco Industrial,Ahorro,0,Cherry,Youtead,Banco G&T,Monetaria en Q,6355,3-28-2021 18:32
Konstanze,Blood,7873382966,kblood1w@hhs.gov,24-11-2020,Female,Banco Industrial,Ahorro,0,Maggee,Shergold,Banco Industrial,Monetaria en Q,1954,1-21-2021 11:31
Konstanze,Blood,7873382966,kblood1w@hhs.gov,24-11-2020,Female,Banco Promerica,Monetaria en Q,0,Tina,De Beauchemp,Banco Agromercantil,Ahorro,2525,8-12-2020 15:39
Konstanze,Blood,7873382966,kblood1w@hhs.gov,24-11-2020,Female,Banco Industrial,Ahorro,0,Giordano,Rimington,Banco G&T,Monetaria en $,7648,9-22-2020 21:07
Konstanze,Blood,7873382966,kblood1w@hhs.gov,24-11-2020,Female,Banco Industrial,Ahorro,0,Tina,De Beauchemp,Banco Agromercantil,Ahorro,6619,4-22-2020 5:55
Konstanze,Blood,7873382966,kblood1w@hhs.gov,24-11-2020,Female,Banco Promerica,Monetaria en Q,0,Sunny,Alvin,Banco Promerica,Monetaria en $,8267,4-2-2020 10:16
Konstanze,Blood,7873382966,kblood1w@hhs.gov,24-11-2020,Female,Banco Promerica,Monetaria en Q,0,Reinwald,Raphael,Banco Industrial,Monetaria en Q,6621,1-23-2020 1:24
Konstanze,Blood,7873382966,kblood1w@hhs.gov,24-11-2020,Female,Banco Promerica,Monetaria en Q,0,Arleta,Umbert,Banco Promerica,Monetaria en Q,9488,3-26-2021 8:17
Koressa,Knowler,7737952055,kknowler1@auda.org.au,2020-03-04,Female,Banco de desarrollo rural,Monetaria en $,4560,Tripp,Ingree,Banco Agromercantil,Ahorro,6169,12-18-2020 0:05
Koressa,Knowler,7737952055,kknowler1@auda.org.au,2020-03-04,Female,Banco G&T,Monetaria en $,0,Tripp,Ingree,Banco Agromercantil,Ahorro,1959,7-1-2020 6:08
Koressa,Knowler,7737952055,kknowler1@auda.org.au,2020-03-04,Female,Banco de desarrollo rural,Monetaria en $,4560,Javier,Theodore,Banco Industrial,Monetaria en $,684,2-26-2020 12:36
Koressa,Knowler,7737952055,kknowler1@auda.org.au,2020-03-04,Female,Banco Industrial,Monetaria en $,4003,Reinwald,Raphael,Banco Industrial,Monetaria en Q,7452,1-20-2021 9:01
Koressa,Knowler,7737952055,kknowler1@auda.org.au,2020-03-04,Female,Banco Industrial,Monetaria en $,4003,Stormy,Mathieu,Banco G&T,Monetaria en $,7922,4-2-2020 17:27
Koressa,Knowler,7737952055,kknowler1@auda.org.au,2020-03-04,Female,Banco Promerica,Ahorro,3065,Puff,Huerta,Banco G&T,Monetaria en Q,6568,2-19-2021 16:18
Koressa,Knowler,7737952055,kknowler1@auda.org.au,2020-03-04,Female,Banco Promerica,Ahorro,3065,Daffy,Marages,Banco G&T,Monetaria en Q,292,6-16-2020 20:30
Koressa,Knowler,7737952055,kknowler1@auda.org.au,2020-03-04,Female,Banco G&T,Monetaria en $,0,Daffy,Marages,Banco Promerica,Monetaria en Q,1600,1-27-2020 7:04
Koressa,Knowler,7737952055,kknowler1@auda.org.au,2020-03-04,Female,Banco de desarrollo rural,Monetaria en $,4560,Neill,Esser,Banco Industrial,Monetaria en Q,2215,1-9-2020 6:40
Koressa,Knowler,7737952055,kknowler1@auda.org.au,2020-03-04,Female,Banco Industrial,Monetaria en $,4003,Jeanie,Badman,Banco G&T,Monetaria en Q,9668,8-22-2020 9:45
Lauralee,Britnell,8712012858,lbritnell28@oaic.gov.au,2020-10-12,Female,Banco Industrial,Monetaria en Q,0,Abigale,Crann,Banco Industrial,Ahorro,9305,4-8-2021 15:45
Lauralee,Britnell,8712012858,lbritnell28@oaic.gov.au,2020-10-12,Female,Banco Industrial,Monetaria en Q,0,Henriette,Stag,Banco de desarrollo rural,Monetaria en $,5762,12-8-2020 5:28
Leann,Buncher,7589827045,lbuncheri@scribd.com,2020-10-01,Female,Banco Industrial,Monetaria en $,973,Maggee,Shergold,Banco Industrial,Monetaria en Q,8192,2-19-2020 6:47
Leann,Buncher,7589827045,lbuncheri@scribd.com,2020-10-01,Female,Banco Industrial,Monetaria en $,973,Gracia,Burchill,Banco de desarrollo rural,Monetaria en $,2896,10-1-2020 20:50
Leann,Buncher,7589827045,lbuncheri@scribd.com,2020-10-01,Female,Banco Industrial,Monetaria en $,973,Alfie,Castellaccio,Banco de desarrollo rural,Monetaria en Q,6470,10-29-2020 21:17
Leann,Buncher,7589827045,lbuncheri@scribd.com,2020-10-01,Female,Banco Industrial,Monetaria en $,973,Abigale,Crann,Banco Industrial,Ahorro,1350,11-2-2020 23:19
Leonelle,Copp,2843482992,lcopp1m@yandex.ru,22-03-2020,Male,Banco Agromercantil,Monetaria en $,0,Boote,Pina,Banco G&T,Monetaria en $,5715,6-30-2020 2:23
Leonelle,Copp,2843482992,lcopp1m@yandex.ru,22-03-2020,Male,Banco Agromercantil,Monetaria en $,0,Corliss,McCord,Banco Promerica,Monetaria en $,8745,4-9-2020 10:18
Leonid,Berrey,9488599294,lberrey2b@123-reg.co.uk,17-11-2020,Female,Banco Promerica,Monetaria en $,0,Carmita,Hiscoke,Banco Agromercantil,Monetaria en Q,4725,11-7-2020 18:30
Locke,Kordas,5791637586,lkordas7@aboutads.info,2020-06-05,Female,Banco Promerica,Monetaria en $,2747,Maggee,Shergold,Banco Promerica,Monetaria en Q,1058,3-1-2020 6:01
Locke,Kordas,5791637586,lkordas7@aboutads.info,2020-06-05,Female,Banco Promerica,Monetaria en $,2747,Collie,Leatherland,Banco Industrial,Monetaria en Q,5142,4-6-2020 16:58
Locke,Kordas,5791637586,lkordas7@aboutads.info,2020-06-05,Female,Banco Promerica,Monetaria en $,2747,Chrissy,Fells,Banco Industrial,Monetaria en $,6383,4-11-2021 16:54
Locke,Kordas,5791637586,lkordas7@aboutads.info,2020-06-05,Female,Banco G&T,Monetaria en Q,0,Cully,Matyugin,Banco de desarrollo rural,Monetaria en Q,4801,7-17-2020 20:50
Locke,Kordas,5791637586,lkordas7@aboutads.info,2020-06-05,Female,Banco Promerica,Monetaria en $,2747,Stormy,Mathieu,Banco Agromercantil,Ahorro,318,2-15-2021 10:35
Locke,Kordas,5791637586,lkordas7@aboutads.info,2020-06-05,Female,Banco G&T,Monetaria en Q,0,Ardys,Cave,Banco Promerica,Ahorro,8925,6-11-2020 6:21
Locke,Kordas,5791637586,lkordas7@aboutads.info,2020-06-05,Female,Banco G&T,Monetaria en Q,0,Neill,Esser,Banco Industrial,Monetaria en Q,7495,1-17-2020 21:39
Locke,Kordas,5791637586,lkordas7@aboutads.info,2020-06-05,Female,Banco Promerica,Monetaria en $,2747,Arlin,Bruckner,Banco de desarrollo rural,Monetaria en $,1084,6-4-2020 0:20
Locke,Kordas,5791637586,lkordas7@aboutads.info,2020-06-05,Female,Banco Promerica,Monetaria en $,2747,Collie,Leatherland,Banco G&T,Monetaria en Q,615,8-21-2020 23:06
Luelle,Barenskie,8068530312,lbarenskie16@about.me,25-08-2020,Male,Banco G&T,Monetaria en Q,0,Alexander,Amor,Banco Promerica,Ahorro,2232,3-26-2021 4:24
Luelle,Barenskie,8068530312,lbarenskie16@about.me,25-08-2020,Male,Banco G&T,Monetaria en Q,0,Alexander,Amor,Banco Promerica,Ahorro,7092,1-12-2020 4:21
Maggee,Shergold,6816494733,mshergold14@hud.gov,14-12-2020,Female,Banco Industrial,Monetaria en Q,0,Alfie,Castellaccio,Banco G&T,Monetaria en $,6782,4-15-2020 15:53
Maggee,Shergold,6816494733,mshergold14@hud.gov,14-12-2020,Female,Banco Promerica,Ahorro,3276,Hali,Peebles,Banco Promerica,Ahorro,5862,3-5-2020 15:49
Maggee,Shergold,6816494733,mshergold14@hud.gov,14-12-2020,Female,Banco Industrial,Monetaria en Q,0,Vassili,Drowsfield,Banco Promerica,Ahorro,4033,2-25-2020 13:35
Maggee,Shergold,6816494733,mshergold14@hud.gov,14-12-2020,Female,Banco Industrial,Monetaria en Q,0,Reinwald,Raphael,Banco Industrial,Monetaria en Q,2190,3-3-2020 0:51
Manuel,Gouldstone,2293547442,mgouldstonen@jimdo.com,28-08-2020,Female,Banco Industrial,Monetaria en $,0,Kizzie,Pettman,Banco Industrial,Ahorro,3209,3-19-2020 8:38
Manuel,Gouldstone,2293547442,mgouldstonen@jimdo.com,28-08-2020,Female,Banco Industrial,Monetaria en $,0,Cherry,Youtead,Banco de desarrollo rural,Monetaria en Q,9795,6-8-2020 23:28
Manuel,Gouldstone,2293547442,mgouldstonen@jimdo.com,28-08-2020,Female,Banco Industrial,Monetaria en $,0,Corliss,McCord,Banco Agromercantil,Monetaria en $,1678,2-6-2020 8:09
Manuel,Gouldstone,2293547442,mgouldstonen@jimdo.com,28-08-2020,Female,Banco G&T,Ahorro,0,Maressa,Delgadillo,Banco Industrial,Ahorro,9341,2-22-2021 15:22
Manuel,Gouldstone,2293547442,mgouldstonen@jimdo.com,28-08-2020,Female,Banco G&T,Ahorro,0,Esme,Seifenmacher,Banco Industrial,Monetaria en $,6352,6-27-2020 13:43
Manuel,Gouldstone,2293547442,mgouldstonen@jimdo.com,28-08-2020,Female,Banco G&T,Ahorro,0,Willie,Brahan,Banco G&T,Monetaria en $,6122,10-29-2020 2:26
Manuel,Gouldstone,2293547442,mgouldstonen@jimdo.com,28-08-2020,Female,Banco G&T,Ahorro,0,Raff,Meah,Banco G&T,Monetaria en $,9187,1-31-2021 5:33
Maressa,Delgadillo,3899636643,mdelgadillo1t@ihg.com,2020-05-04,Female,Banco Industrial,Ahorro,0,Raff,Meah,Banco Industrial,Ahorro,2343,6-18-2020 5:32
Maressa,Delgadillo,3899636643,mdelgadillo1t@ihg.com,2020-05-04,Female,Banco Industrial,Ahorro,0,Arlin,Bruckner,Banco Promerica,Ahorro,3462,9-20-2020 21:44
Maressa,Delgadillo,3899636643,mdelgadillo1t@ihg.com,2020-05-04,Female,Banco Industrial,Ahorro,0,Horatia,Brumpton,Banco G&T,Ahorro,477,12-28-2020 23:50
Margo,Aspinall,8574878405,maspinall2@symantec.com,13-02-2020,Male,Banco de desarrollo rural,Monetaria en $,485,Tina,De Beauchemp,Banco de desarrollo rural,Monetaria en $,5819,11-19-2020 23:08
Margo,Aspinall,8574878405,maspinall2@symantec.com,13-02-2020,Male,Banco Industrial,Monetaria en $,0,Sascha,Kennedy,Banco G&T,Monetaria en $,6608,10-21-2020 9:52
Margo,Aspinall,8574878405,maspinall2@symantec.com,13-02-2020,Male,Banco Industrial,Monetaria en $,0,Jeanne,Ciottoi,Banco de desarrollo rural,Monetaria en $,4733,2-3-2020 3:39
Margo,Aspinall,8574878405,maspinall2@symantec.com,13-02-2020,Male,Banco de desarrollo rural,Monetaria en $,485,Alfie,Castellaccio,Banco Agromercantil,Monetaria en Q,3567,1-2-2020 5:56
Margo,Aspinall,8574878405,maspinall2@symantec.com,13-02-2020,Male,Banco de desarrollo rural,Monetaria en $,485,Vassili,Drowsfield,Banco G&T,Monetaria en $,9766,8-10-2020 15:23
Morgun,Coots,6920115220,mcoots11@reuters.com,23-10-2020,Female,Banco Promerica,Monetaria en $,0,Raff,Meah,Banco G&T,Monetaria en $,2053,10-11-2020 5:38
Morgun,Coots,6920115220,mcoots11@reuters.com,23-10-2020,Female,Banco G&T,Monetaria en $,0,Ulla,Balloch,Banco Promerica,Monetaria en Q,4893,3-18-2020 7:41
Morgun,Coots,6920115220,mcoots11@reuters.com,23-10-2020,Female,Banco G&T,Monetaria en $,0,Konstanze,Blood,Banco Agromercantil,Monetaria en $,9596,3-9-2021 4:18
Morgun,Coots,6920115220,mcoots11@reuters.com,23-10-2020,Female,Banco Promerica,Monetaria en $,0,Nelia,Hathway,Banco Promerica,Monetaria en $,3900,5-19-2020 2:32
Morgun,Coots,6920115220,mcoots11@reuters.com,23-10-2020,Female,Banco Promerica,Monetaria en $,0,Dahlia,Greiser,Banco Industrial,Monetaria en $,8638,9-16-2020 15:32
Morgun,Coots,6920115220,mcoots11@reuters.com,23-10-2020,Female,Banco Promerica,Monetaria en $,0,Alexander,Amor,Banco Promerica,Ahorro,1957,2-12-2020 10:42
Morgun,Coots,6920115220,mcoots11@reuters.com,23-10-2020,Female,Banco Industrial,Monetaria en Q,0,Esme,Seifenmacher,Banco Industrial,Ahorro,1706,2-28-2021 9:53
Morgun,Coots,6920115220,mcoots11@reuters.com,23-10-2020,Female,Banco Industrial,Monetaria en Q,0,Deni,Tarn,Banco G&T,Monetaria en Q,9753,6-16-2020 11:55
Morly,Pundy,1833280679,mpundyw@woothemes.com,26-05-2020,Male,Banco Promerica,Monetaria en Q,1254,Raff,Meah,Banco Industrial,Ahorro,6521,7-13-2020 5:06
Neill,Esser,7964176803,nesserh@amazon.com,2020-07-01,Female,Banco Industrial,Monetaria en Q,1322,Arlin,Bruckner,Banco de desarrollo rural,Monetaria en Q,6746,4-2-2020 9:45
Neill,Esser,7964176803,nesserh@amazon.com,2020-07-01,Female,Banco Industrial,Monetaria en $,1053,Hali,Peebles,Banco de desarrollo rural,Ahorro,597,3-22-2020 15:17
Neill,Esser,7964176803,nesserh@amazon.com,2020-07-01,Female,Banco Industrial,Monetaria en Q,1322,Nelia,Hathway,Banco Industrial,Monetaria en $,2366,2-19-2020 23:57
Neill,Esser,7964176803,nesserh@amazon.com,2020-07-01,Female,Banco Industrial,Monetaria en $,1053,Elnore,Foy,Banco Agromercantil,Ahorro,3999,1-22-2021 8:58
Nelia,Hathway,1962610551,nhathway2f@joomla.org,2020-05-04,Female,Banco Industrial,Monetaria en Q,0,Alfie,Castellaccio,Banco de desarrollo rural,Ahorro,8245,10-11-2020 2:34
Nelia,Hathway,1962610551,nhathway2f@joomla.org,2020-05-04,Female,Banco Industrial,Monetaria en Q,0,Ty,Kittow,Banco de desarrollo rural,Ahorro,9166,2-7-2020 9:04
Nelia,Hathway,1962610551,nhathway2f@joomla.org,2020-05-04,Female,Banco Industrial,Monetaria en Q,0,Antonetta,Bowler,Banco Agromercantil,Monetaria en $,6035,1-13-2020 14:19
Nelia,Hathway,1962610551,nhathway2f@joomla.org,2020-05-04,Female,Banco G&T,Monetaria en Q,2131,Paul,Fleming,Banco Promerica,Monetaria en $,8373,2-24-2021 16:20
Nelia,Hathway,1962610551,nhathway2f@joomla.org,2020-05-04,Female,Banco Industrial,Monetaria en Q,0,Javier,Theodore,Banco Industrial,Monetaria en $,677,7-18-2020 7:15
Nelia,Hathway,1962610551,nhathway2f@joomla.org,2020-05-04,Female,Banco Industrial,Monetaria en Q,0,Collie,Leatherland,Banco G&T,Monetaria en Q,4209,1-19-2021 13:43
Nelia,Hathway,1962610551,nhathway2f@joomla.org,2020-05-04,Female,Banco Industrial,Monetaria en Q,0,Luelle,Barenskie,Banco G&T,Monetaria en Q,4341,1-12-2020 11:30
Nelia,Hathway,1962610551,nhathway2f@joomla.org,2020-05-04,Female,Banco Industrial,Monetaria en $,3848,Devin,Sheere,Banco Agromercantil,Ahorro,5064,2-1-2020 0:55
Nelia,Hathway,1962610551,nhathway2f@joomla.org,2020-05-04,Female,Banco Industrial,Monetaria en Q,0,Jeanie,Badman,Banco Agromercantil,Ahorro,7622,7-20-2020 23:48
Nelia,Hathway,1962610551,nhathway2f@joomla.org,2020-05-04,Female,Banco Promerica,Monetaria en $,0,Tripp,Ingree,Banco Agromercantil,Ahorro,9280,12-26-2020 4:31
Nelia,Hathway,1962610551,nhathway2f@joomla.org,2020-05-04,Female,Banco Promerica,Monetaria en $,0,Ddene,Tant,Banco de desarrollo rural,Monetaria en $,3455,7-4-2020 3:02
Nelia,Hathway,1962610551,nhathway2f@joomla.org,2020-05-04,Female,Banco G&T,Monetaria en Q,2131,Sax,Stephenson,Banco Agromercantil,Ahorro,3307,8-11-2020 20:39
Nelia,Hathway,1962610551,nhathway2f@joomla.org,2020-05-04,Female,Banco Promerica,Monetaria en $,0,Kizzie,Pettman,Banco Promerica,Ahorro,6445,1-8-2021 13:14
Nelia,Hathway,1962610551,nhathway2f@joomla.org,2020-05-04,Female,Banco Promerica,Monetaria en $,0,Alfie,Castellaccio,Banco Agromercantil,Monetaria en Q,6835,11-1-2020 21:46
Paul,Fleming,5878519224,pflemingz@ft.com,26-09-2020,Male,Banco Promerica,Monetaria en $,0,Arleta,Umbert,Banco G&T,Monetaria en Q,6916,12-9-2020 5:33
Paul,Fleming,5878519224,pflemingz@ft.com,26-09-2020,Male,Banco Promerica,Monetaria en $,0,Bobbette,Dutton,Banco G&T,Monetaria en $,2365,10-31-2020 20:39
Paul,Fleming,5878519224,pflemingz@ft.com,26-09-2020,Male,Banco Promerica,Monetaria en $,0,Collie,Leatherland,Banco Industrial,Monetaria en Q,4426,4-19-2020 14:11
Phaidra,Thornthwaite,7422400781,pthornthwaitea@reddit.com,15-02-2020,Female,Banco de desarrollo rural,Monetaria en Q,0,Maggee,Shergold,Banco Industrial,Monetaria en Q,7847,4-3-2021 7:12
Phaidra,Thornthwaite,7422400781,pthornthwaitea@reddit.com,15-02-2020,Female,Banco de desarrollo rural,Monetaria en Q,4262,Joelynn,De Gregoli,Banco Industrial,Monetaria en Q,6469,9-18-2020 22:07
Phaidra,Thornthwaite,7422400781,pthornthwaitea@reddit.com,15-02-2020,Female,Banco de desarrollo rural,Monetaria en Q,0,Nelia,Hathway,Banco Industrial,Monetaria en $,5582,11-28-2020 16:04
Phaidra,Thornthwaite,7422400781,pthornthwaitea@reddit.com,15-02-2020,Female,Banco Agromercantil,Monetaria en Q,0,Phaidra,Thornthwaite,Banco de desarrollo rural,Monetaria en Q,2057,2-7-2020 3:20
Phaidra,Thornthwaite,7422400781,pthornthwaitea@reddit.com,15-02-2020,Female,Banco Agromercantil,Monetaria en Q,0,Alfie,Castellaccio,Banco G&T,Monetaria en $,9995,7-11-2020 10:59
Phaidra,Thornthwaite,7422400781,pthornthwaitea@reddit.com,15-02-2020,Female,Banco de desarrollo rural,Monetaria en Q,0,Hali,Peebles,Banco de desarrollo rural,Ahorro,7402,4-24-2020 22:26
Phaidra,Thornthwaite,7422400781,pthornthwaitea@reddit.com,15-02-2020,Female,Banco de desarrollo rural,Monetaria en Q,4262,Boote,Pina,Banco Industrial,Monetaria en Q,3104,3-17-2020 20:44
Phaidra,Thornthwaite,7422400781,pthornthwaitea@reddit.com,15-02-2020,Female,Banco de desarrollo rural,Monetaria en Q,4262,Timmi,Hovie,Banco Agromercantil,Ahorro,4307,3-25-2020 6:22
Puff,Huerta,4474118367,phuerta1x@opensource.org,2020-12-03,Female,Banco de desarrollo rural,Monetaria en Q,0,Koressa,Knowler,Banco Industrial,Monetaria en $,6088,3-8-2021 3:08
Puff,Huerta,4474118367,phuerta1x@opensource.org,2020-12-03,Female,Banco G&T,Monetaria en Q,0,Maressa,Delgadillo,Banco Industrial,Ahorro,8277,4-14-2020 19:07
Puff,Huerta,4474118367,phuerta1x@opensource.org,2020-12-03,Female,Banco G&T,Monetaria en Q,0,Collie,Leatherland,Banco Promerica,Ahorro,6597,4-6-2021 23:23
Raff,Meah,3693967563,rmeah27@washingtonpost.com,25-07-2020,Male,Banco G&T,Monetaria en $,1225,Cully,Matyugin,Banco de desarrollo rural,Monetaria en Q,8793,1-8-2021 14:57
Raff,Meah,3693967563,rmeah27@washingtonpost.com,25-07-2020,Male,Banco Industrial,Ahorro,1190,Tripp,Ingree,Banco Agromercantil,Ahorro,6010,2-23-2021 23:55
Raff,Meah,3693967563,rmeah27@washingtonpost.com,25-07-2020,Male,Banco Industrial,Ahorro,1190,Arleta,Umbert,Banco Industrial,Monetaria en $,8175,7-19-2020 7:56
Raff,Meah,3693967563,rmeah27@washingtonpost.com,25-07-2020,Male,Banco Industrial,Ahorro,1190,Hali,Peebles,Banco Promerica,Ahorro,485,4-26-2020 21:17
Raff,Meah,3693967563,rmeah27@washingtonpost.com,25-07-2020,Male,Banco G&T,Monetaria en $,1225,Carmita,Hiscoke,Banco Agromercantil,Monetaria en Q,4256,3-10-2021 1:22
Reinwald,Raphael,3808552263,rraphaelr@jiathis.com,2020-08-09,Male,Banco Industrial,Monetaria en Q,0,Javier,Theodore,Banco Industrial,Monetaria en $,9089,1-29-2021 2:15
Reinwald,Raphael,3808552263,rraphaelr@jiathis.com,2020-08-09,Male,Banco Industrial,Monetaria en Q,0,Morgun,Coots,Banco Promerica,Monetaria en $,3881,2-17-2021 13:18
Reinwald,Raphael,3808552263,rraphaelr@jiathis.com,2020-08-09,Male,Banco Industrial,Monetaria en Q,0,Vassili,Drowsfield,Banco Agromercantil,Monetaria en Q,8118,2-28-2021 0:29
Reinwald,Raphael,3808552263,rraphaelr@jiathis.com,2020-08-09,Male,Banco Industrial,Monetaria en Q,0,Ike,Nickels,Banco de desarrollo rural,Monetaria en Q,8127,9-15-2020 9:30
Renard,Pelchat,8373980261,rpelchat2p@cdc.gov,28-06-2020,Female,Banco Promerica,Ahorro,3011,Thoma,Kempster,Banco Promerica,Monetaria en $,170,5-6-2020 21:11
Renard,Pelchat,8373980261,rpelchat2p@cdc.gov,28-06-2020,Female,Banco Promerica,Ahorro,3011,Alfie,Castellaccio,Banco de desarrollo rural,Monetaria en $,5463,2-9-2021 1:40
Renard,Pelchat,8373980261,rpelchat2p@cdc.gov,28-06-2020,Female,Banco Promerica,Ahorro,3011,Ulla,Balloch,Banco G&T,Monetaria en $,6461,2-18-2021 2:09
Renard,Pelchat,8373980261,rpelchat2p@cdc.gov,28-06-2020,Female,Banco Promerica,Ahorro,3011,Ddene,Tant,Banco de desarrollo rural,Monetaria en $,242,2-25-2021 18:41
Riva,Gaven,2897073799,rgaven9@live.com,2020-11-10,Female,Banco Promerica,Monetaria en Q,3771,Riva,Gaven,Banco Promerica,Monetaria en $,501,6-12-2020 21:47
Riva,Gaven,2897073799,rgaven9@live.com,2020-11-10,Female,Banco Agromercantil,Monetaria en Q,0,Tina,De Beauchemp,Banco Industrial,Ahorro,7459,1-7-2020 7:13
Riva,Gaven,2897073799,rgaven9@live.com,2020-11-10,Female,Banco Promerica,Monetaria en $,0,Arlin,Bruckner,Banco Promerica,Ahorro,4737,9-1-2020 17:10
Riva,Gaven,2897073799,rgaven9@live.com,2020-11-10,Female,Banco Promerica,Monetaria en $,0,Devin,Sheere,Banco G&T,Monetaria en Q,9936,1-29-2020 15:59
Riva,Gaven,2897073799,rgaven9@live.com,2020-11-10,Female,Banco Agromercantil,Monetaria en Q,0,Tina,De Beauchemp,Banco Industrial,Ahorro,143,1-19-2021 15:49
Riva,Gaven,2897073799,rgaven9@live.com,2020-11-10,Female,Banco Promerica,Monetaria en Q,3771,Riva,Gaven,Banco G&T,Monetaria en Q,2883,3-22-2020 19:58
Riva,Gaven,2897073799,rgaven9@live.com,2020-11-10,Female,Banco Promerica,Monetaria en $,0,Hieronymus,Penn,Banco de desarrollo rural,Monetaria en $,9607,12-10-2020 18:52
Riva,Gaven,2897073799,rgaven9@live.com,2020-11-10,Female,Banco Promerica,Monetaria en $,0,Luelle,Barenskie,Banco G&T,Monetaria en Q,4548,4-10-2020 10:30
Riva,Gaven,2897073799,rgaven9@live.com,2020-11-10,Female,Banco Agromercantil,Monetaria en Q,0,Maressa,Delgadillo,Banco Industrial,Ahorro,1901,3-8-2021 8:05
Sascha,Kennedy,4464029000,skennedyc@cam.ac.uk,15-05-2020,Male,Banco G&T,Monetaria en $,0,Manuel,Gouldstone,Banco G&T,Ahorro,762,9-29-2020 0:21
Sascha,Kennedy,4464029000,skennedyc@cam.ac.uk,15-05-2020,Male,Banco Promerica,Ahorro,0,Konstanze,Blood,Banco Agromercantil,Monetaria en $,4844,11-21-2020 13:23
Sascha,Kennedy,4464029000,skennedyc@cam.ac.uk,15-05-2020,Male,Banco Promerica,Ahorro,0,Colas,Feek,Banco Industrial,Monetaria en $,9360,7-31-2020 18:37
Sascha,Kennedy,4464029000,skennedyc@cam.ac.uk,15-05-2020,Male,Banco Promerica,Ahorro,0,Esme,Seifenmacher,Banco Industrial,Monetaria en $,6596,3-15-2020 2:49
Sascha,Kennedy,4464029000,skennedyc@cam.ac.uk,15-05-2020,Male,Banco G&T,Monetaria en $,0,Hali,Peebles,Banco Industrial,Ahorro,1198,3-19-2021 3:50
Sascha,Kennedy,4464029000,skennedyc@cam.ac.uk,15-05-2020,Male,Banco Promerica,Ahorro,0,Arlin,Bruckner,Banco de desarrollo rural,Monetaria en $,6963,2-17-2021 2:14
Sascha,Kennedy,4464029000,skennedyc@cam.ac.uk,15-05-2020,Male,Banco Promerica,Ahorro,0,Kizzie,Pettman,Banco Industrial,Ahorro,2491,5-7-2020 9:20
Sax,Stephenson,4640351089,sstephensonj@cnn.com,23-03-2020,Female,Banco Agromercantil,Ahorro,0,Jeanie,Badman,Banco Agromercantil,Ahorro,4092,10-24-2020 19:31
Sax,Stephenson,4640351089,sstephensonj@cnn.com,23-03-2020,Female,Banco Agromercantil,Ahorro,0,Margo,Aspinall,Banco Agromercantil,Ahorro,4613,10-11-2020 17:21
Sax,Stephenson,4640351089,sstephensonj@cnn.com,23-03-2020,Female,Banco Agromercantil,Ahorro,0,Ty,Kittow,Banco G&T,Monetaria en $,1141,4-13-2020 5:35
Sax,Stephenson,4640351089,sstephensonj@cnn.com,23-03-2020,Female,Banco Agromercantil,Ahorro,0,Horatia,Brumpton,Banco Agromercantil,Monetaria en $,4780,3-9-2021 16:28
Sax,Stephenson,4640351089,sstephensonj@cnn.com,23-03-2020,Female,Banco Agromercantil,Ahorro,0,Raff,Meah,Banco Industrial,Ahorro,8004,8-11-2020 19:25
Sax,Stephenson,4640351089,sstephensonj@cnn.com,23-03-2020,Female,Banco Agromercantil,Ahorro,0,Horatia,Brumpton,Banco G&T,Ahorro,3391,7-22-2020 6:20
Sax,Stephenson,4640351089,sstephensonj@cnn.com,23-03-2020,Female,Banco Agromercantil,Ahorro,0,Sunny,Alvin,Banco Promerica,Monetaria en $,8020,5-4-2020 19:19
Stormy,Mathieu,1952883946,smathieu1i@dell.com,27-08-2020,Male,Banco G&T,Monetaria en $,0,Joelynn,De Gregoli,Banco G&T,Monetaria en Q,5245,7-29-2020 8:41
Stormy,Mathieu,1952883946,smathieu1i@dell.com,27-08-2020,Male,Banco G&T,Monetaria en $,0,Cherry,Youtead,Banco de desarrollo rural,Monetaria en Q,4240,3-4-2020 20:50
Stormy,Mathieu,1952883946,smathieu1i@dell.com,27-08-2020,Male,Banco G&T,Monetaria en $,0,Morgun,Coots,Banco G&T,Monetaria en $,8588,5-5-2020 1:20
Sunny,Alvin,6456388384,salvins@hatena.ne.jp,2020-10-01,Male,Banco Agromercantil,Monetaria en $,0,Inga,Cromleholme,Banco Agromercantil,Ahorro,7836,6-14-2020 15:07
Sunny,Alvin,6456388384,salvins@hatena.ne.jp,2020-10-01,Male,Banco Agromercantil,Monetaria en $,0,Esme,Seifenmacher,Banco Promerica,Monetaria en Q,680,7-1-2020 4:14
Sunny,Alvin,6456388384,salvins@hatena.ne.jp,2020-10-01,Male,Banco Agromercantil,Monetaria en $,0,Willie,Brahan,Banco Promerica,Monetaria en $,8175,3-11-2021 10:01
Sunny,Alvin,6456388384,salvins@hatena.ne.jp,2020-10-01,Male,Banco Agromercantil,Monetaria en $,0,Puff,Huerta,Banco de desarrollo rural,Monetaria en Q,1094,8-1-2020 20:10
Sunny,Alvin,6456388384,salvins@hatena.ne.jp,2020-10-01,Male,Banco Promerica,Monetaria en $,760,Arleta,Umbert,Banco Industrial,Monetaria en $,6787,11-22-2020 19:50
Thoma,Kempster,7725887806,tkempster21@simplemachines.org,28-02-2020,Male,Banco Industrial,Monetaria en $,0,Maressa,Delgadillo,Banco Industrial,Ahorro,5120,1-8-2020 5:22
Thoma,Kempster,7725887806,tkempster21@simplemachines.org,28-02-2020,Male,Banco Industrial,Monetaria en $,0,Jolie,Tollfree,Banco G&T,Monetaria en $,4531,11-28-2020 16:16
Thoma,Kempster,7725887806,tkempster21@simplemachines.org,28-02-2020,Male,Banco Industrial,Monetaria en $,0,Bobbette,Dutton,Banco Industrial,Ahorro,2750,3-30-2020 15:47
Thoma,Kempster,7725887806,tkempster21@simplemachines.org,28-02-2020,Male,Banco Industrial,Monetaria en $,0,Janith,Metheringham,Banco Industrial,Monetaria en $,7301,5-24-2020 18:58
Thoma,Kempster,7725887806,tkempster21@simplemachines.org,28-02-2020,Male,Banco Industrial,Monetaria en $,0,Koressa,Knowler,Banco Promerica,Ahorro,1766,3-19-2021 23:04
Thoma,Kempster,7725887806,tkempster21@simplemachines.org,28-02-2020,Male,Banco Industrial,Monetaria en $,0,Devin,Sheere,Banco Agromercantil,Ahorro,830,1-6-2021 10:12
Thoma,Kempster,7725887806,tkempster21@simplemachines.org,28-02-2020,Male,Banco Promerica,Monetaria en $,3305,Janith,Metheringham,Banco Industrial,Monetaria en $,5061,3-10-2021 6:39
Timmi,Hovie,5618537931,thovied@imgur.com,31-03-2020,Female,Banco G&T,Ahorro,784,Gearard,Laye,Banco de desarrollo rural,Monetaria en $,3581,11-10-2020 18:41
Timmi,Hovie,5618537931,thovied@imgur.com,31-03-2020,Female,Banco Agromercantil,Ahorro,0,Abigale,Crann,Banco Industrial,Ahorro,769,3-29-2020 22:07
Timmi,Hovie,5618537931,thovied@imgur.com,31-03-2020,Female,Banco G&T,Ahorro,784,Stormy,Mathieu,Banco G&T,Monetaria en $,3526,9-6-2020 7:37
Timmi,Hovie,5618537931,thovied@imgur.com,31-03-2020,Female,Banco Agromercantil,Ahorro,0,Giordano,Rimington,Banco de desarrollo rural,Ahorro,9179,6-19-2020 19:05
Tina,De Beauchemp,6668839878,tdebeauchemp10@senate.gov,23-01-2020,Female,Banco Promerica,Monetaria en $,0,Esme,Seifenmacher,Banco Industrial,Monetaria en $,8410,2-1-2020 6:09
Tina,De Beauchemp,6668839878,tdebeauchemp10@senate.gov,23-01-2020,Female,Banco Promerica,Monetaria en $,0,Elnore,Foy,Banco Agromercantil,Ahorro,6618,9-23-2020 13:14
Tina,De Beauchemp,6668839878,tdebeauchemp10@senate.gov,23-01-2020,Female,Banco Agromercantil,Ahorro,3027,Phaidra,Thornthwaite,Banco de desarrollo rural,Monetaria en Q,6603,2-3-2021 0:38
Tina,De Beauchemp,6668839878,tdebeauchemp10@senate.gov,23-01-2020,Female,Banco Agromercantil,Ahorro,315,Chrissy,Fells,Banco Industrial,Monetaria en $,2808,4-14-2020 0:13
Tina,De Beauchemp,6668839878,tdebeauchemp10@senate.gov,23-01-2020,Female,Banco Industrial,Ahorro,0,Koressa,Knowler,Banco G&T,Monetaria en $,8012,3-24-2020 7:25
Tina,De Beauchemp,6668839878,tdebeauchemp10@senate.gov,23-01-2020,Female,Banco Promerica,Monetaria en $,0,Luelle,Barenskie,Banco G&T,Monetaria en Q,9895,3-24-2020 9:43
Tina,De Beauchemp,6668839878,tdebeauchemp10@senate.gov,23-01-2020,Female,Banco de desarrollo rural,Monetaria en $,3942,Cully,Matyugin,Banco Promerica,Monetaria en Q,6260,6-26-2020 10:42
Tina,De Beauchemp,6668839878,tdebeauchemp10@senate.gov,23-01-2020,Female,Banco Industrial,Ahorro,0,Kizzie,Pettman,Banco Promerica,Ahorro,2643,10-19-2020 5:40
Tina,De Beauchemp,6668839878,tdebeauchemp10@senate.gov,23-01-2020,Female,Banco Agromercantil,Ahorro,315,Nelia,Hathway,Banco Industrial,Monetaria en $,6887,1-23-2020 20:06
Tina,De Beauchemp,6668839878,tdebeauchemp10@senate.gov,23-01-2020,Female,Banco Promerica,Monetaria en $,0,Abigale,Crann,Banco Industrial,Ahorro,9319,7-17-2020 2:35
Tina,De Beauchemp,6668839878,tdebeauchemp10@senate.gov,23-01-2020,Female,Banco Agromercantil,Ahorro,315,Bobbette,Dutton,Banco G&T,Monetaria en $,9361,4-14-2020 14:09
Tina,De Beauchemp,6668839878,tdebeauchemp10@senate.gov,23-01-2020,Female,Banco Agromercantil,Ahorro,3027,Hali,Peebles,Banco Industrial,Monetaria en Q,2900,5-18-2020 14:19
Tina,De Beauchemp,6668839878,tdebeauchemp10@senate.gov,23-01-2020,Female,Banco Promerica,Monetaria en $,0,Arleta,Umbert,Banco Industrial,Monetaria en $,2559,2-1-2020 5:24
Tripp,Ingree,3888897025,tingree1e@google.com.hk,14-09-2020,Male,Banco Agromercantil,Ahorro,0,Tina,De Beauchemp,Banco Agromercantil,Ahorro,3849,2-4-2021 14:56
Tripp,Ingree,3888897025,tingree1e@google.com.hk,14-09-2020,Male,Banco Agromercantil,Ahorro,1610,Hieronymus,Penn,Banco de desarrollo rural,Monetaria en $,5556,7-14-2020 4:16
Tripp,Ingree,3888897025,tingree1e@google.com.hk,14-09-2020,Male,Banco Agromercantil,Ahorro,0,Reinwald,Raphael,Banco Industrial,Monetaria en Q,3220,8-14-2020 17:32
Tripp,Ingree,3888897025,tingree1e@google.com.hk,14-09-2020,Male,Banco Agromercantil,Ahorro,0,Alfie,Castellaccio,Banco de desarrollo rural,Monetaria en Q,4761,5-5-2020 12:02
Tripp,Ingree,3888897025,tingree1e@google.com.hk,14-09-2020,Male,Banco Agromercantil,Ahorro,1610,Janith,Metheringham,Banco Industrial,Monetaria en $,4929,5-27-2020 16:06
Tripp,Ingree,3888897025,tingree1e@google.com.hk,14-09-2020,Male,Banco Agromercantil,Ahorro,0,Deni,Tarn,Banco Promerica,Monetaria en $,3518,4-15-2021 11:31
Ty,Kittow,1976810418,tkittowm@mapquest.com,19-10-2020,Female,Banco G&T,Monetaria en $,0,Morly,Pundy,Banco Promerica,Monetaria en Q,9549,12-18-2020 5:54
Ty,Kittow,1976810418,tkittowm@mapquest.com,19-10-2020,Female,Banco G&T,Monetaria en $,0,Colas,Feek,Banco Industrial,Monetaria en $,9129,3-1-2020 0:41
Ty,Kittow,1976810418,tkittowm@mapquest.com,19-10-2020,Female,Banco de desarrollo rural,Ahorro,0,Dale,Goslin,Banco Promerica,Ahorro,3682,6-7-2020 16:48
Ty,Kittow,1976810418,tkittowm@mapquest.com,19-10-2020,Female,Banco de desarrollo rural,Ahorro,0,Renard,Pelchat,Banco Promerica,Ahorro,6682,3-18-2021 20:43
Ty,Kittow,1976810418,tkittowm@mapquest.com,19-10-2020,Female,Banco de desarrollo rural,Ahorro,0,Devin,Sheere,Banco G&T,Monetaria en Q,6600,4-11-2021 8:34
Ty,Kittow,1976810418,tkittowm@mapquest.com,19-10-2020,Female,Banco de desarrollo rural,Ahorro,0,Deni,Tarn,Banco Promerica,Monetaria en $,4965,9-7-2020 2:57
Ty,Kittow,1976810418,tkittowm@mapquest.com,19-10-2020,Female,Banco G&T,Monetaria en $,0,Kit,Tottman,Banco G&T,Monetaria en $,3009,1-24-2021 3:43
Ulla,Balloch,3278286464,uballoch29@booking.com,2020-12-06,Female,Banco G&T,Monetaria en $,2162,Jarid,McEniry,Banco de desarrollo rural,Ahorro,139,1-20-2020 19:55
Ulla,Balloch,3278286464,uballoch29@booking.com,2020-12-06,Female,Banco Promerica,Monetaria en Q,0,Arlin,Bruckner,Banco de desarrollo rural,Monetaria en $,3360,1-30-2020 13:02
Vassili,Drowsfield,3345353652,vdrowsfield2k@devhub.com,18-10-2020,Male,Banco G&T,Monetaria en $,446,Devin,Sheere,Banco G&T,Monetaria en Q,3890,8-5-2020 23:25
Vassili,Drowsfield,3345353652,vdrowsfield2k@devhub.com,18-10-2020,Male,Banco G&T,Monetaria en $,446,Alexander,Amor,Banco Promerica,Ahorro,7797,4-6-2020 10:56
Vassili,Drowsfield,3345353652,vdrowsfield2k@devhub.com,18-10-2020,Male,Banco Agromercantil,Monetaria en Q,3999,Sax,Stephenson,Banco Agromercantil,Ahorro,7674,3-11-2021 13:38
Vassili,Drowsfield,3345353652,vdrowsfield2k@devhub.com,18-10-2020,Male,Banco Promerica,Ahorro,1680,Lauralee,Britnell,Banco Industrial,Monetaria en Q,8911,1-15-2021 16:53
Vassili,Drowsfield,3345353652,vdrowsfield2k@devhub.com,18-10-2020,Male,Banco Promerica,Ahorro,1680,Hali,Peebles,Banco Industrial,Monetaria en Q,61,3-14-2021 12:27
Vassili,Drowsfield,3345353652,vdrowsfield2k@devhub.com,18-10-2020,Male,Banco Promerica,Ahorro,1680,Phaidra,Thornthwaite,Banco Agromercantil,Monetaria en Q,4728,4-19-2020 23:43
Vassili,Drowsfield,3345353652,vdrowsfield2k@devhub.com,18-10-2020,Male,Banco G&T,Monetaria en $,446,Nelia,Hathway,Banco Promerica,Monetaria en $,7938,9-6-2020 5:41
Vassili,Drowsfield,3345353652,vdrowsfield2k@devhub.com,18-10-2020,Male,Banco Agromercantil,Monetaria en Q,3999,Bobbette,Dutton,Banco Industrial,Ahorro,2502,1-3-2020 19:52
Vonny,Westall,2354138652,vwestall2q@nps.gov,19-01-2020,Female,Banco G&T,Monetaria en Q,3604,Tina,De Beauchemp,Banco Promerica,Monetaria en $,2590,6-10-2020 23:59
Vonny,Westall,2354138652,vwestall2q@nps.gov,19-01-2020,Female,Banco G&T,Monetaria en Q,3604,Bobbette,Dutton,Banco Industrial,Ahorro,2266,2-3-2021 15:22
Vonny,Westall,2354138652,vwestall2q@nps.gov,19-01-2020,Female,Banco G&T,Ahorro,0,Morgun,Coots,Banco G&T,Monetaria en $,7207,10-8-2020 4:46
Vonny,Westall,2354138652,vwestall2q@nps.gov,19-01-2020,Female,Banco G&T,Monetaria en Q,3604,Colas,Feek,Banco G&T,Monetaria en $,9248,12-6-2020 7:59
Vonny,Westall,2354138652,vwestall2q@nps.gov,19-01-2020,Female,Banco G&T,Ahorro,0,Alfie,Castellaccio,Banco de desarrollo rural,Ahorro,7205,6-18-2020 10:10
Vonny,Westall,2354138652,vwestall2q@nps.gov,19-01-2020,Female,Banco G&T,Ahorro,0,Arlin,Bruckner,Banco Promerica,Monetaria en Q,9375,10-14-2020 21:08
Willie,Brahan,3601075148,wbrahane@symantec.com,13-01-2020,Female,Banco Promerica,Monetaria en $,2527,Konstanze,Blood,Banco Agromercantil,Monetaria en $,4731,8-13-2020 8:36
Willie,Brahan,3601075148,wbrahane@symantec.com,13-01-2020,Female,Banco Promerica,Monetaria en $,2527,Jolie,Tollfree,Banco G&T,Monetaria en $,2295,10-23-2020 3:59
Willie,Brahan,3601075148,wbrahane@symantec.com,13-01-2020,Female,Banco Promerica,Monetaria en $,2527,Deni,Tarn,Banco G&T,Monetaria en $,2936,6-21-2020 5:40
Willie,Brahan,3601075148,wbrahane@symantec.com,13-01-2020,Female,Banco G&T,Monetaria en $,3085,Deni,Tarn,Banco G&T,Monetaria en $,377,9-28-2020 8:49
Willie,Brahan,3601075148,wbrahane@symantec.com,13-01-2020,Female,Banco Promerica,Monetaria en $,2527,Vassili,Drowsfield,Banco Agromercantil,Monetaria en Q,4290,1-5-2021 3:22
Willie,Brahan,3601075148,wbrahane@symantec.com,13-01-2020,Female,Banco Promerica,Monetaria en $,2527,Colas,Feek,Banco Agromercantil,Monetaria en $,7634,8-10-2020 5:31
Willie,Brahan,3601075148,wbrahane@symantec.com,13-01-2020,Female,Banco Promerica,Monetaria en $,2527,Cherry,Youtead,Banco de desarrollo rural,Monetaria en Q,362,2-17-2021 4:48
Willie,Brahan,3601075148,wbrahane@symantec.com,13-01-2020,Female,Banco G&T,Monetaria en $,3085,Inga,Cromleholme,Banco Promerica,Monetaria en $,5593,9-19-2020 22:35
Willie,Brahan,3601075148,wbrahane@symantec.com,13-01-2020,Female,Banco G&T,Monetaria en $,3085,Riva,Gaven,Banco Promerica,Monetaria en Q,9060,2-12-2020 2:21
Willie,Brahan,3601075148,wbrahane@symantec.com,13-01-2020,Female,Banco G&T,Monetaria en $,3085,Maressa,Delgadillo,Banco Industrial,Ahorro,3369,4-5-2020 21:23
Willie,Brahan,3601075148,wbrahane@symantec.com,13-01-2020,Female,Banco G&T,Monetaria en $,3085,Vassili,Drowsfield,Banco Agromercantil,Monetaria en Q,2118,1-24-2020 11:52
Willy,Geraldo,4650277515,wgeraldo2d@ox.ac.uk,2020-10-08,Male,Banco de desarrollo rural,Monetaria en $,0,Joelynn,De Gregoli,Banco G&T,Monetaria en Q,2388,12-22-2020 21:42
Willy,Geraldo,4650277515,wgeraldo2d@ox.ac.uk,2020-10-08,Male,Banco de desarrollo rural,Monetaria en $,0,Carmita,Hiscoke,Banco Agromercantil,Monetaria en Q,4392,5-9-2020 15:35
Zack,Stainton - Skinn,5413394497,zstaintonskinn2c@plala.or.jp,17-03-2020,Female,Banco Promerica,Monetaria en Q,0,Daffy,Marages,Banco Promerica,Monetaria en Q,9993,2-16-2021 23:28
Zack,Stainton - Skinn,5413394497,zstaintonskinn2c@plala.or.jp,17-03-2020,Female,Banco Promerica,Monetaria en Q,0,Willie,Brahan,Banco G&T,Monetaria en $,143,2-13-2021 17:52
Zack,Stainton - Skinn,5413394497,zstaintonskinn2c@plala.or.jp,17-03-2020,Female,Banco Promerica,Monetaria en Q,0,Collie,Leatherland,Banco Promerica,Ahorro,8444,12-13-2020 7:30
